Part;Value;Device;Package;Description;ALTMPN;IMAX;MOUSER_OC;MPN;OC_FARNELL;OC_NEWARK;POWER;RC_OC;SUPPLIER;TOL;VAC;VDC;VOLT
F1;0.063A F;FUSEOMF62MAOMF;FUSE7_4X3_1;;;;693-3404.0003.11;3413.0008.22;;;;3404.0003.11;Schurter;;125;125;
R26;0R;R-EU_R0402;R0402;RESISTOR, European symbol;;;;;;;;;;;;;
D0:R37;100K;R-EU_R0603;R0603;RESISTOR, European symbol;;;;;;;;;;;;;
D0:R47;100K;R-EU_R0603;R0603;RESISTOR, European symbol;;;;;;;;;;;;;
D1:R37;100K;R-EU_R0603;R0603;RESISTOR, European symbol;;;;;;;;;;;;;
D1:R47;100K;R-EU_R0603;R0603;RESISTOR, European symbol;;;;;;;;;;;;;
D2:R37;100K;R-EU_R0603;R0603;RESISTOR, European symbol;;;;;;;;;;;;;
D2:R47;100K;R-EU_R0603;R0603;RESISTOR, European symbol;;;;;;;;;;;;;
D3:R37;100K;R-EU_R0603;R0603;RESISTOR, European symbol;;;;;;;;;;;;;
D3:R47;100K;R-EU_R0603;R0603;RESISTOR, European symbol;;;;;;;;;;;;;
D4:R37;100K;R-EU_R0603;R0603;RESISTOR, European symbol;;;;;;;;;;;;;
D4:R47;100K;R-EU_R0603;R0603;RESISTOR, European symbol;;;;;;;;;;;;;
D5:R37;100K;R-EU_R0603;R0603;RESISTOR, European symbol;;;;;;;;;;;;;
D5:R47;100K;R-EU_R0603;R0603;RESISTOR, European symbol;;;;;;;;;;;;;
D6:R37;100K;R-EU_R0603;R0603;RESISTOR, European symbol;;;;;;;;;;;;;
D6:R47;100K;R-EU_R0603;R0603;RESISTOR, European symbol;;;;;;;;;;;;;
D7:R37;100K;R-EU_R0603;R0603;RESISTOR, European symbol;;;;;;;;;;;;;
D7:R47;100K;R-EU_R0603;R0603;RESISTOR, European symbol;;;;;;;;;;;;;
D8:R37;100K;R-EU_R0603;R0603;RESISTOR, European symbol;;;;;;;;;;;;;
D8:R47;100K;R-EU_R0603;R0603;RESISTOR, European symbol;;;;;;;;;;;;;
D9:R37;100K;R-EU_R0603;R0603;RESISTOR, European symbol;;;;;;;;;;;;;
D9:R47;100K;R-EU_R0603;R0603;RESISTOR, European symbol;;;;;;;;;;;;;
D10:R37;100K;R-EU_R0603;R0603;RESISTOR, European symbol;;;;;;;;;;;;;
D10:R47;100K;R-EU_R0603;R0603;RESISTOR, European symbol;;;;;;;;;;;;;
D11:R37;100K;R-EU_R0603;R0603;RESISTOR, European symbol;;;;;;;;;;;;;
D11:R47;100K;R-EU_R0603;R0603;RESISTOR, European symbol;;;;;;;;;;;;;
D12:R37;100K;R-EU_R0603;R0603;RESISTOR, European symbol;;;;;;;;;;;;;
D12:R47;100K;R-EU_R0603;R0603;RESISTOR, European symbol;;;;;;;;;;;;;
D13:R37;100K;R-EU_R0603;R0603;RESISTOR, European symbol;;;;;;;;;;;;;
D13:R47;100K;R-EU_R0603;R0603;RESISTOR, European symbol;;;;;;;;;;;;;
D14:R37;100K;R-EU_R0603;R0603;RESISTOR, European symbol;;;;;;;;;;;;;
D14:R47;100K;R-EU_R0603;R0603;RESISTOR, European symbol;;;;;;;;;;;;;
D15:R37;100K;R-EU_R0603;R0603;RESISTOR, European symbol;;;;;;;;;;;;;
D15:R47;100K;R-EU_R0603;R0603;RESISTOR, European symbol;;;;;;;;;;;;;
D16:R37;100K;R-EU_R0603;R0603;RESISTOR, European symbol;;;;;;;;;;;;;
D16:R47;100K;R-EU_R0603;R0603;RESISTOR, European symbol;;;;;;;;;;;;;
D17:R37;100K;R-EU_R0603;R0603;RESISTOR, European symbol;;;;;;;;;;;;;
D17:R47;100K;R-EU_R0603;R0603;RESISTOR, European symbol;;;;;;;;;;;;;
D18:R37;100K;R-EU_R0603;R0603;RESISTOR, European symbol;;;;;;;;;;;;;
D18:R47;100K;R-EU_R0603;R0603;RESISTOR, European symbol;;;;;;;;;;;;;
D19:R37;100K;R-EU_R0603;R0603;RESISTOR, European symbol;;;;;;;;;;;;;
D19:R47;100K;R-EU_R0603;R0603;RESISTOR, European symbol;;;;;;;;;;;;;
D20:R37;100K;R-EU_R0603;R0603;RESISTOR, European symbol;;;;;;;;;;;;;
D20:R47;100K;R-EU_R0603;R0603;RESISTOR, European symbol;;;;;;;;;;;;;
D21:R37;100K;R-EU_R0603;R0603;RESISTOR, European symbol;;;;;;;;;;;;;
D21:R47;100K;R-EU_R0603;R0603;RESISTOR, European symbol;;;;;;;;;;;;;
D22:R37;100K;R-EU_R0603;R0603;RESISTOR, European symbol;;;;;;;;;;;;;
D22:R47;100K;R-EU_R0603;R0603;RESISTOR, European symbol;;;;;;;;;;;;;
D23:R37;100K;R-EU_R0603;R0603;RESISTOR, European symbol;;;;;;;;;;;;;
D23:R47;100K;R-EU_R0603;R0603;RESISTOR, European symbol;;;;;;;;;;;;;
D24:R37;100K;R-EU_R0603;R0603;RESISTOR, European symbol;;;;;;;;;;;;;
D24:R47;100K;R-EU_R0603;R0603;RESISTOR, European symbol;;;;;;;;;;;;;
D25:R37;100K;R-EU_R0603;R0603;RESISTOR, European symbol;;;;;;;;;;;;;
D25:R47;100K;R-EU_R0603;R0603;RESISTOR, European symbol;;;;;;;;;;;;;
D26:R37;100K;R-EU_R0603;R0603;RESISTOR, European symbol;;;;;;;;;;;;;
D26:R47;100K;R-EU_R0603;R0603;RESISTOR, European symbol;;;;;;;;;;;;;
D27:R37;100K;R-EU_R0603;R0603;RESISTOR, European symbol;;;;;;;;;;;;;
D27:R47;100K;R-EU_R0603;R0603;RESISTOR, European symbol;;;;;;;;;;;;;
D28:R37;100K;R-EU_R0603;R0603;RESISTOR, European symbol;;;;;;;;;;;;;
D28:R47;100K;R-EU_R0603;R0603;RESISTOR, European symbol;;;;;;;;;;;;;
D29:R37;100K;R-EU_R0603;R0603;RESISTOR, European symbol;;;;;;;;;;;;;
D29:R47;100K;R-EU_R0603;R0603;RESISTOR, European symbol;;;;;;;;;;;;;
D30:R37;100K;R-EU_R0603;R0603;RESISTOR, European symbol;;;;;;;;;;;;;
D30:R47;100K;R-EU_R0603;R0603;RESISTOR, European symbol;;;;;;;;;;;;;
D31:R37;100K;R-EU_R0603;R0603;RESISTOR, European symbol;;;;;;;;;;;;;
D31:R47;100K;R-EU_R0603;R0603;RESISTOR, European symbol;;;;;;;;;;;;;
C1;100n;C-EUC0402;C0402;CAPACITOR, European symbol;;;;;;;;;;;;;
C2;100n;C-EUC0402;C0402;CAPACITOR, European symbol;;;;;;;;;;;;;
C3;100n;C-EUC0402;C0402;CAPACITOR, European symbol;;;;;;;;;;;;;
C6;100n;C-EUC0402;C0402;CAPACITOR, European symbol;;;;;;;;;;;;;
C7;100n;C-EUC0402;C0402;CAPACITOR, European symbol;;;;;;;;;;;;;
C8;100n;C-EUC0402;C0402;CAPACITOR, European symbol;;;;;;;;;;;;;
C9;100n;C-EUC0402;C0402;CAPACITOR, European symbol;;;;;;;;;;;;;
C10;100n;C-EUC0402;C0402;CAPACITOR, European symbol;;;;;;;;;;;;;
C11;100n;C-EUC0402;C0402;CAPACITOR, European symbol;;;;;;;;;;;;;
C12;100n;C-EUC0402;C0402;CAPACITOR, European symbol;;;;;;;;;;;;;
C13;100n;C-EUC0402;C0402;CAPACITOR, European symbol;;;;;;;;;;;;;
C14;100n;C-EUC0402;C0402;CAPACITOR, European symbol;;;;;;;;;;;;;
C15;100n;C-EUC0402;C0402;CAPACITOR, European symbol;;;;;;;;;;;;;
C19;100n;C-EUC0402;C0402;CAPACITOR, European symbol;;;;;;;;;;;;;
C20;100n;C-EUC0402;C0402;CAPACITOR, European symbol;;;;;;;;;;;;;
C22;100n;C-EUC0402;C0402;CAPACITOR, European symbol;;;;;;;;;;;;;
C23;100n;C-EUC0402;C0402;CAPACITOR, European symbol;;;;;;;;;;;;;
C24;100n;C-EUC0402;C0402;CAPACITOR, European symbol;;;;;;;;;;;;;
C25;100n;C-EUC0402;C0402;CAPACITOR, European symbol;;;;;;;;;;;;;
C26;100n;C-EUC0402;C0402;CAPACITOR, European symbol;;;;;;;;;;;;;
C28;100n;C-EUC0402;C0402;CAPACITOR, European symbol;;;;;;;;;;;;;
C29;100n;C-EUC0402;C0402;CAPACITOR, European symbol;;;;;;;;;;;;;
C37;100n;C-EUC0603;C0603;CAPACITOR, European symbol;;;;;;;;;;;;;100V
D0:C1;100n;C-EUC0402;C0402;CAPACITOR, European symbol;;;;;;;;;;;;;
D0:C3;100n;C-EUC0402;C0402;CAPACITOR, European symbol;;;;;;;;;;;;;
D0:C36;100n;C-EUC0603;C0603;CAPACITOR, European symbol;;;;;;;;;;;;;100V
D0:C46;100n;C-EUC0603;C0603;CAPACITOR, European symbol;;;;;;;;;;;;;100V
D1:C1;100n;C-EUC0402;C0402;CAPACITOR, European symbol;;;;;;;;;;;;;
D1:C3;100n;C-EUC0402;C0402;CAPACITOR, European symbol;;;;;;;;;;;;;
D1:C36;100n;C-EUC0603;C0603;CAPACITOR, European symbol;;;;;;;;;;;;;100V
D1:C46;100n;C-EUC0603;C0603;CAPACITOR, European symbol;;;;;;;;;;;;;100V
D2:C1;100n;C-EUC0402;C0402;CAPACITOR, European symbol;;;;;;;;;;;;;
D2:C3;100n;C-EUC0402;C0402;CAPACITOR, European symbol;;;;;;;;;;;;;
D2:C36;100n;C-EUC0603;C0603;CAPACITOR, European symbol;;;;;;;;;;;;;100V
D2:C46;100n;C-EUC0603;C0603;CAPACITOR, European symbol;;;;;;;;;;;;;100V
D3:C1;100n;C-EUC0402;C0402;CAPACITOR, European symbol;;;;;;;;;;;;;
D3:C3;100n;C-EUC0402;C0402;CAPACITOR, European symbol;;;;;;;;;;;;;
D3:C36;100n;C-EUC0603;C0603;CAPACITOR, European symbol;;;;;;;;;;;;;100V
D3:C46;100n;C-EUC0603;C0603;CAPACITOR, European symbol;;;;;;;;;;;;;100V
D4:C1;100n;C-EUC0402;C0402;CAPACITOR, European symbol;;;;;;;;;;;;;
D4:C3;100n;C-EUC0402;C0402;CAPACITOR, European symbol;;;;;;;;;;;;;
D4:C36;100n;C-EUC0603;C0603;CAPACITOR, European symbol;;;;;;;;;;;;;100V
D4:C46;100n;C-EUC0603;C0603;CAPACITOR, European symbol;;;;;;;;;;;;;100V
D5:C1;100n;C-EUC0402;C0402;CAPACITOR, European symbol;;;;;;;;;;;;;
D5:C3;100n;C-EUC0402;C0402;CAPACITOR, European symbol;;;;;;;;;;;;;
D5:C36;100n;C-EUC0603;C0603;CAPACITOR, European symbol;;;;;;;;;;;;;100V
D5:C46;100n;C-EUC0603;C0603;CAPACITOR, European symbol;;;;;;;;;;;;;100V
D6:C1;100n;C-EUC0402;C0402;CAPACITOR, European symbol;;;;;;;;;;;;;
D6:C3;100n;C-EUC0402;C0402;CAPACITOR, European symbol;;;;;;;;;;;;;
D6:C36;100n;C-EUC0603;C0603;CAPACITOR, European symbol;;;;;;;;;;;;;100V
D6:C46;100n;C-EUC0603;C0603;CAPACITOR, European symbol;;;;;;;;;;;;;100V
D7:C1;100n;C-EUC0402;C0402;CAPACITOR, European symbol;;;;;;;;;;;;;
D7:C3;100n;C-EUC0402;C0402;CAPACITOR, European symbol;;;;;;;;;;;;;
D7:C36;100n;C-EUC0603;C0603;CAPACITOR, European symbol;;;;;;;;;;;;;100V
D7:C46;100n;C-EUC0603;C0603;CAPACITOR, European symbol;;;;;;;;;;;;;100V
D8:C1;100n;C-EUC0402;C0402;CAPACITOR, European symbol;;;;;;;;;;;;;
D8:C3;100n;C-EUC0402;C0402;CAPACITOR, European symbol;;;;;;;;;;;;;
D8:C36;100n;C-EUC0603;C0603;CAPACITOR, European symbol;;;;;;;;;;;;;100V
D8:C46;100n;C-EUC0603;C0603;CAPACITOR, European symbol;;;;;;;;;;;;;100V
D9:C1;100n;C-EUC0402;C0402;CAPACITOR, European symbol;;;;;;;;;;;;;
D9:C3;100n;C-EUC0402;C0402;CAPACITOR, European symbol;;;;;;;;;;;;;
D9:C36;100n;C-EUC0603;C0603;CAPACITOR, European symbol;;;;;;;;;;;;;100V
D9:C46;100n;C-EUC0603;C0603;CAPACITOR, European symbol;;;;;;;;;;;;;100V
D10:C1;100n;C-EUC0402;C0402;CAPACITOR, European symbol;;;;;;;;;;;;;
D10:C3;100n;C-EUC0402;C0402;CAPACITOR, European symbol;;;;;;;;;;;;;
D10:C36;100n;C-EUC0603;C0603;CAPACITOR, European symbol;;;;;;;;;;;;;100V
D10:C46;100n;C-EUC0603;C0603;CAPACITOR, European symbol;;;;;;;;;;;;;100V
D11:C1;100n;C-EUC0402;C0402;CAPACITOR, European symbol;;;;;;;;;;;;;
D11:C3;100n;C-EUC0402;C0402;CAPACITOR, European symbol;;;;;;;;;;;;;
D11:C36;100n;C-EUC0603;C0603;CAPACITOR, European symbol;;;;;;;;;;;;;100V
D11:C46;100n;C-EUC0603;C0603;CAPACITOR, European symbol;;;;;;;;;;;;;100V
D12:C1;100n;C-EUC0402;C0402;CAPACITOR, European symbol;;;;;;;;;;;;;
D12:C3;100n;C-EUC0402;C0402;CAPACITOR, European symbol;;;;;;;;;;;;;
D12:C36;100n;C-EUC0603;C0603;CAPACITOR, European symbol;;;;;;;;;;;;;100V
D12:C46;100n;C-EUC0603;C0603;CAPACITOR, European symbol;;;;;;;;;;;;;100V
D13:C1;100n;C-EUC0402;C0402;CAPACITOR, European symbol;;;;;;;;;;;;;
D13:C3;100n;C-EUC0402;C0402;CAPACITOR, European symbol;;;;;;;;;;;;;
D13:C36;100n;C-EUC0603;C0603;CAPACITOR, European symbol;;;;;;;;;;;;;100V
D13:C46;100n;C-EUC0603;C0603;CAPACITOR, European symbol;;;;;;;;;;;;;100V
D14:C1;100n;C-EUC0402;C0402;CAPACITOR, European symbol;;;;;;;;;;;;;
D14:C3;100n;C-EUC0402;C0402;CAPACITOR, European symbol;;;;;;;;;;;;;
D14:C36;100n;C-EUC0603;C0603;CAPACITOR, European symbol;;;;;;;;;;;;;100V
D14:C46;100n;C-EUC0603;C0603;CAPACITOR, European symbol;;;;;;;;;;;;;100V
D15:C1;100n;C-EUC0402;C0402;CAPACITOR, European symbol;;;;;;;;;;;;;
D15:C3;100n;C-EUC0402;C0402;CAPACITOR, European symbol;;;;;;;;;;;;;
D15:C36;100n;C-EUC0603;C0603;CAPACITOR, European symbol;;;;;;;;;;;;;100V
D15:C46;100n;C-EUC0603;C0603;CAPACITOR, European symbol;;;;;;;;;;;;;100V
D16:C1;100n;C-EUC0402;C0402;CAPACITOR, European symbol;;;;;;;;;;;;;
D16:C3;100n;C-EUC0402;C0402;CAPACITOR, European symbol;;;;;;;;;;;;;
D16:C36;100n;C-EUC0603;C0603;CAPACITOR, European symbol;;;;;;;;;;;;;100V
D16:C46;100n;C-EUC0603;C0603;CAPACITOR, European symbol;;;;;;;;;;;;;100V
D17:C1;100n;C-EUC0402;C0402;CAPACITOR, European symbol;;;;;;;;;;;;;
D17:C3;100n;C-EUC0402;C0402;CAPACITOR, European symbol;;;;;;;;;;;;;
D17:C36;100n;C-EUC0603;C0603;CAPACITOR, European symbol;;;;;;;;;;;;;100V
D17:C46;100n;C-EUC0603;C0603;CAPACITOR, European symbol;;;;;;;;;;;;;100V
D18:C1;100n;C-EUC0402;C0402;CAPACITOR, European symbol;;;;;;;;;;;;;
D18:C3;100n;C-EUC0402;C0402;CAPACITOR, European symbol;;;;;;;;;;;;;
D18:C36;100n;C-EUC0603;C0603;CAPACITOR, European symbol;;;;;;;;;;;;;100V
D18:C46;100n;C-EUC0603;C0603;CAPACITOR, European symbol;;;;;;;;;;;;;100V
D19:C1;100n;C-EUC0402;C0402;CAPACITOR, European symbol;;;;;;;;;;;;;
D19:C3;100n;C-EUC0402;C0402;CAPACITOR, European symbol;;;;;;;;;;;;;
D19:C36;100n;C-EUC0603;C0603;CAPACITOR, European symbol;;;;;;;;;;;;;100V
D19:C46;100n;C-EUC0603;C0603;CAPACITOR, European symbol;;;;;;;;;;;;;100V
D20:C1;100n;C-EUC0402;C0402;CAPACITOR, European symbol;;;;;;;;;;;;;
D20:C3;100n;C-EUC0402;C0402;CAPACITOR, European symbol;;;;;;;;;;;;;
D20:C36;100n;C-EUC0603;C0603;CAPACITOR, European symbol;;;;;;;;;;;;;100V
D20:C46;100n;C-EUC0603;C0603;CAPACITOR, European symbol;;;;;;;;;;;;;100V
D21:C1;100n;C-EUC0402;C0402;CAPACITOR, European symbol;;;;;;;;;;;;;
D21:C3;100n;C-EUC0402;C0402;CAPACITOR, European symbol;;;;;;;;;;;;;
D21:C36;100n;C-EUC0603;C0603;CAPACITOR, European symbol;;;;;;;;;;;;;100V
D21:C46;100n;C-EUC0603;C0603;CAPACITOR, European symbol;;;;;;;;;;;;;100V
D22:C1;100n;C-EUC0402;C0402;CAPACITOR, European symbol;;;;;;;;;;;;;
D22:C3;100n;C-EUC0402;C0402;CAPACITOR, European symbol;;;;;;;;;;;;;
D22:C36;100n;C-EUC0603;C0603;CAPACITOR, European symbol;;;;;;;;;;;;;100V
D22:C46;100n;C-EUC0603;C0603;CAPACITOR, European symbol;;;;;;;;;;;;;100V
D23:C1;100n;C-EUC0402;C0402;CAPACITOR, European symbol;;;;;;;;;;;;;
D23:C3;100n;C-EUC0402;C0402;CAPACITOR, European symbol;;;;;;;;;;;;;
D23:C36;100n;C-EUC0603;C0603;CAPACITOR, European symbol;;;;;;;;;;;;;100V
D23:C46;100n;C-EUC0603;C0603;CAPACITOR, European symbol;;;;;;;;;;;;;100V
D24:C1;100n;C-EUC0402;C0402;CAPACITOR, European symbol;;;;;;;;;;;;;
D24:C3;100n;C-EUC0402;C0402;CAPACITOR, European symbol;;;;;;;;;;;;;
D24:C36;100n;C-EUC0603;C0603;CAPACITOR, European symbol;;;;;;;;;;;;;100V
D24:C46;100n;C-EUC0603;C0603;CAPACITOR, European symbol;;;;;;;;;;;;;100V
D25:C1;100n;C-EUC0402;C0402;CAPACITOR, European symbol;;;;;;;;;;;;;
D25:C3;100n;C-EUC0402;C0402;CAPACITOR, European symbol;;;;;;;;;;;;;
D25:C36;100n;C-EUC0603;C0603;CAPACITOR, European symbol;;;;;;;;;;;;;100V
D25:C46;100n;C-EUC0603;C0603;CAPACITOR, European symbol;;;;;;;;;;;;;100V
D26:C1;100n;C-EUC0402;C0402;CAPACITOR, European symbol;;;;;;;;;;;;;
D26:C3;100n;C-EUC0402;C0402;CAPACITOR, European symbol;;;;;;;;;;;;;
D26:C36;100n;C-EUC0603;C0603;CAPACITOR, European symbol;;;;;;;;;;;;;100V
D26:C46;100n;C-EUC0603;C0603;CAPACITOR, European symbol;;;;;;;;;;;;;100V
D27:C1;100n;C-EUC0402;C0402;CAPACITOR, European symbol;;;;;;;;;;;;;
D27:C3;100n;C-EUC0402;C0402;CAPACITOR, European symbol;;;;;;;;;;;;;
D27:C36;100n;C-EUC0603;C0603;CAPACITOR, European symbol;;;;;;;;;;;;;100V
D27:C46;100n;C-EUC0603;C0603;CAPACITOR, European symbol;;;;;;;;;;;;;100V
D28:C1;100n;C-EUC0402;C0402;CAPACITOR, European symbol;;;;;;;;;;;;;
D28:C3;100n;C-EUC0402;C0402;CAPACITOR, European symbol;;;;;;;;;;;;;
D28:C36;100n;C-EUC0603;C0603;CAPACITOR, European symbol;;;;;;;;;;;;;100V
D28:C46;100n;C-EUC0603;C0603;CAPACITOR, European symbol;;;;;;;;;;;;;100V
D29:C1;100n;C-EUC0402;C0402;CAPACITOR, European symbol;;;;;;;;;;;;;
D29:C3;100n;C-EUC0402;C0402;CAPACITOR, European symbol;;;;;;;;;;;;;
D29:C36;100n;C-EUC0603;C0603;CAPACITOR, European symbol;;;;;;;;;;;;;100V
D29:C46;100n;C-EUC0603;C0603;CAPACITOR, European symbol;;;;;;;;;;;;;100V
D30:C1;100n;C-EUC0402;C0402;CAPACITOR, European symbol;;;;;;;;;;;;;
D30:C3;100n;C-EUC0402;C0402;CAPACITOR, European symbol;;;;;;;;;;;;;
D30:C36;100n;C-EUC0603;C0603;CAPACITOR, European symbol;;;;;;;;;;;;;100V
D30:C46;100n;C-EUC0603;C0603;CAPACITOR, European symbol;;;;;;;;;;;;;100V
D31:C1;100n;C-EUC0402;C0402;CAPACITOR, European symbol;;;;;;;;;;;;;
D31:C3;100n;C-EUC0402;C0402;CAPACITOR, European symbol;;;;;;;;;;;;;
D31:C36;100n;C-EUC0603;C0603;CAPACITOR, European symbol;;;;;;;;;;;;;100V
D31:C46;100n;C-EUC0603;C0603;CAPACITOR, European symbol;;;;;;;;;;;;;100V
R8;100R;R-EU_M1206;M1206;RESISTOR, European symbol;;;;;;;0.5W;;;;;;
D0:R36;10K;R-EU_R0402;R0402;RESISTOR, European symbol;;;;;;;;;;;;;
D0:R46;10K;R-EU_R0402;R0402;RESISTOR, European symbol;;;;;;;;;;;;;
D1:R36;10K;R-EU_R0402;R0402;RESISTOR, European symbol;;;;;;;;;;;;;
D1:R46;10K;R-EU_R0402;R0402;RESISTOR, European symbol;;;;;;;;;;;;;
D2:R36;10K;R-EU_R0402;R0402;RESISTOR, European symbol;;;;;;;;;;;;;
D2:R46;10K;R-EU_R0402;R0402;RESISTOR, European symbol;;;;;;;;;;;;;
D3:R36;10K;R-EU_R0402;R0402;RESISTOR, European symbol;;;;;;;;;;;;;
D3:R46;10K;R-EU_R0402;R0402;RESISTOR, European symbol;;;;;;;;;;;;;
D4:R36;10K;R-EU_R0402;R0402;RESISTOR, European symbol;;;;;;;;;;;;;
D4:R46;10K;R-EU_R0402;R0402;RESISTOR, European symbol;;;;;;;;;;;;;
D5:R36;10K;R-EU_R0402;R0402;RESISTOR, European symbol;;;;;;;;;;;;;
D5:R46;10K;R-EU_R0402;R0402;RESISTOR, European symbol;;;;;;;;;;;;;
D6:R36;10K;R-EU_R0402;R0402;RESISTOR, European symbol;;;;;;;;;;;;;
D6:R46;10K;R-EU_R0402;R0402;RESISTOR, European symbol;;;;;;;;;;;;;
D7:R36;10K;R-EU_R0402;R0402;RESISTOR, European symbol;;;;;;;;;;;;;
D7:R46;10K;R-EU_R0402;R0402;RESISTOR, European symbol;;;;;;;;;;;;;
D8:R36;10K;R-EU_R0402;R0402;RESISTOR, European symbol;;;;;;;;;;;;;
D8:R46;10K;R-EU_R0402;R0402;RESISTOR, European symbol;;;;;;;;;;;;;
D9:R36;10K;R-EU_R0402;R0402;RESISTOR, European symbol;;;;;;;;;;;;;
D9:R46;10K;R-EU_R0402;R0402;RESISTOR, European symbol;;;;;;;;;;;;;
D10:R36;10K;R-EU_R0402;R0402;RESISTOR, European symbol;;;;;;;;;;;;;
D10:R46;10K;R-EU_R0402;R0402;RESISTOR, European symbol;;;;;;;;;;;;;
D11:R36;10K;R-EU_R0402;R0402;RESISTOR, European symbol;;;;;;;;;;;;;
D11:R46;10K;R-EU_R0402;R0402;RESISTOR, European symbol;;;;;;;;;;;;;
D12:R36;10K;R-EU_R0402;R0402;RESISTOR, European symbol;;;;;;;;;;;;;
D12:R46;10K;R-EU_R0402;R0402;RESISTOR, European symbol;;;;;;;;;;;;;
D13:R36;10K;R-EU_R0402;R0402;RESISTOR, European symbol;;;;;;;;;;;;;
D13:R46;10K;R-EU_R0402;R0402;RESISTOR, European symbol;;;;;;;;;;;;;
D14:R36;10K;R-EU_R0402;R0402;RESISTOR, European symbol;;;;;;;;;;;;;
D14:R46;10K;R-EU_R0402;R0402;RESISTOR, European symbol;;;;;;;;;;;;;
D15:R36;10K;R-EU_R0402;R0402;RESISTOR, European symbol;;;;;;;;;;;;;
D15:R46;10K;R-EU_R0402;R0402;RESISTOR, European symbol;;;;;;;;;;;;;
D16:R36;10K;R-EU_R0402;R0402;RESISTOR, European symbol;;;;;;;;;;;;;
D16:R46;10K;R-EU_R0402;R0402;RESISTOR, European symbol;;;;;;;;;;;;;
D17:R36;10K;R-EU_R0402;R0402;RESISTOR, European symbol;;;;;;;;;;;;;
D17:R46;10K;R-EU_R0402;R0402;RESISTOR, European symbol;;;;;;;;;;;;;
D18:R36;10K;R-EU_R0402;R0402;RESISTOR, European symbol;;;;;;;;;;;;;
D18:R46;10K;R-EU_R0402;R0402;RESISTOR, European symbol;;;;;;;;;;;;;
D19:R36;10K;R-EU_R0402;R0402;RESISTOR, European symbol;;;;;;;;;;;;;
D19:R46;10K;R-EU_R0402;R0402;RESISTOR, European symbol;;;;;;;;;;;;;
D20:R36;10K;R-EU_R0402;R0402;RESISTOR, European symbol;;;;;;;;;;;;;
D20:R46;10K;R-EU_R0402;R0402;RESISTOR, European symbol;;;;;;;;;;;;;
D21:R36;10K;R-EU_R0402;R0402;RESISTOR, European symbol;;;;;;;;;;;;;
D21:R46;10K;R-EU_R0402;R0402;RESISTOR, European symbol;;;;;;;;;;;;;
D22:R36;10K;R-EU_R0402;R0402;RESISTOR, European symbol;;;;;;;;;;;;;
D22:R46;10K;R-EU_R0402;R0402;RESISTOR, European symbol;;;;;;;;;;;;;
D23:R36;10K;R-EU_R0402;R0402;RESISTOR, European symbol;;;;;;;;;;;;;
D23:R46;10K;R-EU_R0402;R0402;RESISTOR, European symbol;;;;;;;;;;;;;
D24:R36;10K;R-EU_R0402;R0402;RESISTOR, European symbol;;;;;;;;;;;;;
D24:R46;10K;R-EU_R0402;R0402;RESISTOR, European symbol;;;;;;;;;;;;;
D25:R36;10K;R-EU_R0402;R0402;RESISTOR, European symbol;;;;;;;;;;;;;
D25:R46;10K;R-EU_R0402;R0402;RESISTOR, European symbol;;;;;;;;;;;;;
D26:R36;10K;R-EU_R0402;R0402;RESISTOR, European symbol;;;;;;;;;;;;;
D26:R46;10K;R-EU_R0402;R0402;RESISTOR, European symbol;;;;;;;;;;;;;
D27:R36;10K;R-EU_R0402;R0402;RESISTOR, European symbol;;;;;;;;;;;;;
D27:R46;10K;R-EU_R0402;R0402;RESISTOR, European symbol;;;;;;;;;;;;;
D28:R36;10K;R-EU_R0402;R0402;RESISTOR, European symbol;;;;;;;;;;;;;
D28:R46;10K;R-EU_R0402;R0402;RESISTOR, European symbol;;;;;;;;;;;;;
D29:R36;10K;R-EU_R0402;R0402;RESISTOR, European symbol;;;;;;;;;;;;;
D29:R46;10K;R-EU_R0402;R0402;RESISTOR, European symbol;;;;;;;;;;;;;
D30:R36;10K;R-EU_R0402;R0402;RESISTOR, European symbol;;;;;;;;;;;;;
D30:R46;10K;R-EU_R0402;R0402;RESISTOR, European symbol;;;;;;;;;;;;;
D31:R36;10K;R-EU_R0402;R0402;RESISTOR, European symbol;;;;;;;;;;;;;
D31:R46;10K;R-EU_R0402;R0402;RESISTOR, European symbol;;;;;;;;;;;;;
R3;10K;R-EU_R0402;R0402;RESISTOR, European symbol;;;;;;;;;;;;;
R16;10K;R-EU_R0402;R0402;RESISTOR, European symbol;;;;;;;;;;;;;
R23;10K;R-EU_R0402;R0402;RESISTOR, European symbol;;;;;;;;;;;;;
R31;10K;R-EU_R0402;R0402;RESISTOR, European symbol;;;;;;;;;;;;;
R38;10K;R-EU_R0402;R0402;RESISTOR, European symbol;;;;;;;;;;;;;
R54;10K;R-EU_R0402;R0402;RESISTOR, European symbol;;;;;;;;;;;;;
R57;10K;R-EU_R0402;R0402;RESISTOR, European symbol;;;;;;;;;;;;;
R58;10K;R-EU_R0402;R0402;RESISTOR, European symbol;;;;;;;;;;;;;
R59;10K;R-EU_R0402;R0402;RESISTOR, European symbol;;;;;;;;;;;;;
C5;10n;C-EUC0402;C0402;CAPACITOR, European symbol;;;;;;;;;;;;;
C27;10n;C-EUC0402;C0402;CAPACITOR, European symbol;;;;;;;;;;;;;
D0:C2;10n;C-EUC0402;C0402;CAPACITOR, European symbol;;;;;;;;;;;;;
D0:C4;10n;C-EUC0402;C0402;CAPACITOR, European symbol;;;;;;;;;;;;;
D0:C5;10n;C-EUC0402;C0402;CAPACITOR, European symbol;;;;;;;;;;;;;
D0:C7;10n;C-EUC0402;C0402;CAPACITOR, European symbol;;;;;;;;;;;;;
D0:C35;10n;C-EUC0402;C0402;CAPACITOR, European symbol;;;;;;;;;;;;;
D0:C45;10n;C-EUC0402;C0402;CAPACITOR, European symbol;;;;;;;;;;;;;
D1:C2;10n;C-EUC0402;C0402;CAPACITOR, European symbol;;;;;;;;;;;;;
D1:C4;10n;C-EUC0402;C0402;CAPACITOR, European symbol;;;;;;;;;;;;;
D1:C5;10n;C-EUC0402;C0402;CAPACITOR, European symbol;;;;;;;;;;;;;
D1:C7;10n;C-EUC0402;C0402;CAPACITOR, European symbol;;;;;;;;;;;;;
D1:C35;10n;C-EUC0402;C0402;CAPACITOR, European symbol;;;;;;;;;;;;;
D1:C45;10n;C-EUC0402;C0402;CAPACITOR, European symbol;;;;;;;;;;;;;
D2:C2;10n;C-EUC0402;C0402;CAPACITOR, European symbol;;;;;;;;;;;;;
D2:C4;10n;C-EUC0402;C0402;CAPACITOR, European symbol;;;;;;;;;;;;;
D2:C5;10n;C-EUC0402;C0402;CAPACITOR, European symbol;;;;;;;;;;;;;
D2:C7;10n;C-EUC0402;C0402;CAPACITOR, European symbol;;;;;;;;;;;;;
D2:C35;10n;C-EUC0402;C0402;CAPACITOR, European symbol;;;;;;;;;;;;;
D2:C45;10n;C-EUC0402;C0402;CAPACITOR, European symbol;;;;;;;;;;;;;
D3:C2;10n;C-EUC0402;C0402;CAPACITOR, European symbol;;;;;;;;;;;;;
D3:C4;10n;C-EUC0402;C0402;CAPACITOR, European symbol;;;;;;;;;;;;;
D3:C5;10n;C-EUC0402;C0402;CAPACITOR, European symbol;;;;;;;;;;;;;
D3:C7;10n;C-EUC0402;C0402;CAPACITOR, European symbol;;;;;;;;;;;;;
D3:C35;10n;C-EUC0402;C0402;CAPACITOR, European symbol;;;;;;;;;;;;;
D3:C45;10n;C-EUC0402;C0402;CAPACITOR, European symbol;;;;;;;;;;;;;
D4:C2;10n;C-EUC0402;C0402;CAPACITOR, European symbol;;;;;;;;;;;;;
D4:C4;10n;C-EUC0402;C0402;CAPACITOR, European symbol;;;;;;;;;;;;;
D4:C5;10n;C-EUC0402;C0402;CAPACITOR, European symbol;;;;;;;;;;;;;
D4:C7;10n;C-EUC0402;C0402;CAPACITOR, European symbol;;;;;;;;;;;;;
D4:C35;10n;C-EUC0402;C0402;CAPACITOR, European symbol;;;;;;;;;;;;;
D4:C45;10n;C-EUC0402;C0402;CAPACITOR, European symbol;;;;;;;;;;;;;
D5:C2;10n;C-EUC0402;C0402;CAPACITOR, European symbol;;;;;;;;;;;;;
D5:C4;10n;C-EUC0402;C0402;CAPACITOR, European symbol;;;;;;;;;;;;;
D5:C5;10n;C-EUC0402;C0402;CAPACITOR, European symbol;;;;;;;;;;;;;
D5:C7;10n;C-EUC0402;C0402;CAPACITOR, European symbol;;;;;;;;;;;;;
D5:C35;10n;C-EUC0402;C0402;CAPACITOR, European symbol;;;;;;;;;;;;;
D5:C45;10n;C-EUC0402;C0402;CAPACITOR, European symbol;;;;;;;;;;;;;
D6:C2;10n;C-EUC0402;C0402;CAPACITOR, European symbol;;;;;;;;;;;;;
D6:C4;10n;C-EUC0402;C0402;CAPACITOR, European symbol;;;;;;;;;;;;;
D6:C5;10n;C-EUC0402;C0402;CAPACITOR, European symbol;;;;;;;;;;;;;
D6:C7;10n;C-EUC0402;C0402;CAPACITOR, European symbol;;;;;;;;;;;;;
D6:C35;10n;C-EUC0402;C0402;CAPACITOR, European symbol;;;;;;;;;;;;;
D6:C45;10n;C-EUC0402;C0402;CAPACITOR, European symbol;;;;;;;;;;;;;
D7:C2;10n;C-EUC0402;C0402;CAPACITOR, European symbol;;;;;;;;;;;;;
D7:C4;10n;C-EUC0402;C0402;CAPACITOR, European symbol;;;;;;;;;;;;;
D7:C5;10n;C-EUC0402;C0402;CAPACITOR, European symbol;;;;;;;;;;;;;
D7:C7;10n;C-EUC0402;C0402;CAPACITOR, European symbol;;;;;;;;;;;;;
D7:C35;10n;C-EUC0402;C0402;CAPACITOR, European symbol;;;;;;;;;;;;;
D7:C45;10n;C-EUC0402;C0402;CAPACITOR, European symbol;;;;;;;;;;;;;
D8:C2;10n;C-EUC0402;C0402;CAPACITOR, European symbol;;;;;;;;;;;;;
D8:C4;10n;C-EUC0402;C0402;CAPACITOR, European symbol;;;;;;;;;;;;;
D8:C5;10n;C-EUC0402;C0402;CAPACITOR, European symbol;;;;;;;;;;;;;
D8:C7;10n;C-EUC0402;C0402;CAPACITOR, European symbol;;;;;;;;;;;;;
D8:C35;10n;C-EUC0402;C0402;CAPACITOR, European symbol;;;;;;;;;;;;;
D8:C45;10n;C-EUC0402;C0402;CAPACITOR, European symbol;;;;;;;;;;;;;
D9:C2;10n;C-EUC0402;C0402;CAPACITOR, European symbol;;;;;;;;;;;;;
D9:C4;10n;C-EUC0402;C0402;CAPACITOR, European symbol;;;;;;;;;;;;;
D9:C5;10n;C-EUC0402;C0402;CAPACITOR, European symbol;;;;;;;;;;;;;
D9:C7;10n;C-EUC0402;C0402;CAPACITOR, European symbol;;;;;;;;;;;;;
D9:C35;10n;C-EUC0402;C0402;CAPACITOR, European symbol;;;;;;;;;;;;;
D9:C45;10n;C-EUC0402;C0402;CAPACITOR, European symbol;;;;;;;;;;;;;
D10:C2;10n;C-EUC0402;C0402;CAPACITOR, European symbol;;;;;;;;;;;;;
D10:C4;10n;C-EUC0402;C0402;CAPACITOR, European symbol;;;;;;;;;;;;;
D10:C5;10n;C-EUC0402;C0402;CAPACITOR, European symbol;;;;;;;;;;;;;
D10:C7;10n;C-EUC0402;C0402;CAPACITOR, European symbol;;;;;;;;;;;;;
D10:C35;10n;C-EUC0402;C0402;CAPACITOR, European symbol;;;;;;;;;;;;;
D10:C45;10n;C-EUC0402;C0402;CAPACITOR, European symbol;;;;;;;;;;;;;
D11:C2;10n;C-EUC0402;C0402;CAPACITOR, European symbol;;;;;;;;;;;;;
D11:C4;10n;C-EUC0402;C0402;CAPACITOR, European symbol;;;;;;;;;;;;;
D11:C5;10n;C-EUC0402;C0402;CAPACITOR, European symbol;;;;;;;;;;;;;
D11:C7;10n;C-EUC0402;C0402;CAPACITOR, European symbol;;;;;;;;;;;;;
D11:C35;10n;C-EUC0402;C0402;CAPACITOR, European symbol;;;;;;;;;;;;;
D11:C45;10n;C-EUC0402;C0402;CAPACITOR, European symbol;;;;;;;;;;;;;
D12:C2;10n;C-EUC0402;C0402;CAPACITOR, European symbol;;;;;;;;;;;;;
D12:C4;10n;C-EUC0402;C0402;CAPACITOR, European symbol;;;;;;;;;;;;;
D12:C5;10n;C-EUC0402;C0402;CAPACITOR, European symbol;;;;;;;;;;;;;
D12:C7;10n;C-EUC0402;C0402;CAPACITOR, European symbol;;;;;;;;;;;;;
D12:C35;10n;C-EUC0402;C0402;CAPACITOR, European symbol;;;;;;;;;;;;;
D12:C45;10n;C-EUC0402;C0402;CAPACITOR, European symbol;;;;;;;;;;;;;
D13:C2;10n;C-EUC0402;C0402;CAPACITOR, European symbol;;;;;;;;;;;;;
D13:C4;10n;C-EUC0402;C0402;CAPACITOR, European symbol;;;;;;;;;;;;;
D13:C5;10n;C-EUC0402;C0402;CAPACITOR, European symbol;;;;;;;;;;;;;
D13:C7;10n;C-EUC0402;C0402;CAPACITOR, European symbol;;;;;;;;;;;;;
D13:C35;10n;C-EUC0402;C0402;CAPACITOR, European symbol;;;;;;;;;;;;;
D13:C45;10n;C-EUC0402;C0402;CAPACITOR, European symbol;;;;;;;;;;;;;
D14:C2;10n;C-EUC0402;C0402;CAPACITOR, European symbol;;;;;;;;;;;;;
D14:C4;10n;C-EUC0402;C0402;CAPACITOR, European symbol;;;;;;;;;;;;;
D14:C5;10n;C-EUC0402;C0402;CAPACITOR, European symbol;;;;;;;;;;;;;
D14:C7;10n;C-EUC0402;C0402;CAPACITOR, European symbol;;;;;;;;;;;;;
D14:C35;10n;C-EUC0402;C0402;CAPACITOR, European symbol;;;;;;;;;;;;;
D14:C45;10n;C-EUC0402;C0402;CAPACITOR, European symbol;;;;;;;;;;;;;
D15:C2;10n;C-EUC0402;C0402;CAPACITOR, European symbol;;;;;;;;;;;;;
D15:C4;10n;C-EUC0402;C0402;CAPACITOR, European symbol;;;;;;;;;;;;;
D15:C5;10n;C-EUC0402;C0402;CAPACITOR, European symbol;;;;;;;;;;;;;
D15:C7;10n;C-EUC0402;C0402;CAPACITOR, European symbol;;;;;;;;;;;;;
D15:C35;10n;C-EUC0402;C0402;CAPACITOR, European symbol;;;;;;;;;;;;;
D15:C45;10n;C-EUC0402;C0402;CAPACITOR, European symbol;;;;;;;;;;;;;
D16:C2;10n;C-EUC0402;C0402;CAPACITOR, European symbol;;;;;;;;;;;;;
D16:C4;10n;C-EUC0402;C0402;CAPACITOR, European symbol;;;;;;;;;;;;;
D16:C5;10n;C-EUC0402;C0402;CAPACITOR, European symbol;;;;;;;;;;;;;
D16:C7;10n;C-EUC0402;C0402;CAPACITOR, European symbol;;;;;;;;;;;;;
D16:C35;10n;C-EUC0402;C0402;CAPACITOR, European symbol;;;;;;;;;;;;;
D16:C45;10n;C-EUC0402;C0402;CAPACITOR, European symbol;;;;;;;;;;;;;
D17:C2;10n;C-EUC0402;C0402;CAPACITOR, European symbol;;;;;;;;;;;;;
D17:C4;10n;C-EUC0402;C0402;CAPACITOR, European symbol;;;;;;;;;;;;;
D17:C5;10n;C-EUC0402;C0402;CAPACITOR, European symbol;;;;;;;;;;;;;
D17:C7;10n;C-EUC0402;C0402;CAPACITOR, European symbol;;;;;;;;;;;;;
D17:C35;10n;C-EUC0402;C0402;CAPACITOR, European symbol;;;;;;;;;;;;;
D17:C45;10n;C-EUC0402;C0402;CAPACITOR, European symbol;;;;;;;;;;;;;
D18:C2;10n;C-EUC0402;C0402;CAPACITOR, European symbol;;;;;;;;;;;;;
D18:C4;10n;C-EUC0402;C0402;CAPACITOR, European symbol;;;;;;;;;;;;;
D18:C5;10n;C-EUC0402;C0402;CAPACITOR, European symbol;;;;;;;;;;;;;
D18:C7;10n;C-EUC0402;C0402;CAPACITOR, European symbol;;;;;;;;;;;;;
D18:C35;10n;C-EUC0402;C0402;CAPACITOR, European symbol;;;;;;;;;;;;;
D18:C45;10n;C-EUC0402;C0402;CAPACITOR, European symbol;;;;;;;;;;;;;
D19:C2;10n;C-EUC0402;C0402;CAPACITOR, European symbol;;;;;;;;;;;;;
D19:C4;10n;C-EUC0402;C0402;CAPACITOR, European symbol;;;;;;;;;;;;;
D19:C5;10n;C-EUC0402;C0402;CAPACITOR, European symbol;;;;;;;;;;;;;
D19:C7;10n;C-EUC0402;C0402;CAPACITOR, European symbol;;;;;;;;;;;;;
D19:C35;10n;C-EUC0402;C0402;CAPACITOR, European symbol;;;;;;;;;;;;;
D19:C45;10n;C-EUC0402;C0402;CAPACITOR, European symbol;;;;;;;;;;;;;
D20:C2;10n;C-EUC0402;C0402;CAPACITOR, European symbol;;;;;;;;;;;;;
D20:C4;10n;C-EUC0402;C0402;CAPACITOR, European symbol;;;;;;;;;;;;;
D20:C5;10n;C-EUC0402;C0402;CAPACITOR, European symbol;;;;;;;;;;;;;
D20:C7;10n;C-EUC0402;C0402;CAPACITOR, European symbol;;;;;;;;;;;;;
D20:C35;10n;C-EUC0402;C0402;CAPACITOR, European symbol;;;;;;;;;;;;;
D20:C45;10n;C-EUC0402;C0402;CAPACITOR, European symbol;;;;;;;;;;;;;
D21:C2;10n;C-EUC0402;C0402;CAPACITOR, European symbol;;;;;;;;;;;;;
D21:C4;10n;C-EUC0402;C0402;CAPACITOR, European symbol;;;;;;;;;;;;;
D21:C5;10n;C-EUC0402;C0402;CAPACITOR, European symbol;;;;;;;;;;;;;
D21:C7;10n;C-EUC0402;C0402;CAPACITOR, European symbol;;;;;;;;;;;;;
D21:C35;10n;C-EUC0402;C0402;CAPACITOR, European symbol;;;;;;;;;;;;;
D21:C45;10n;C-EUC0402;C0402;CAPACITOR, European symbol;;;;;;;;;;;;;
D22:C2;10n;C-EUC0402;C0402;CAPACITOR, European symbol;;;;;;;;;;;;;
D22:C4;10n;C-EUC0402;C0402;CAPACITOR, European symbol;;;;;;;;;;;;;
D22:C5;10n;C-EUC0402;C0402;CAPACITOR, European symbol;;;;;;;;;;;;;
D22:C7;10n;C-EUC0402;C0402;CAPACITOR, European symbol;;;;;;;;;;;;;
D22:C35;10n;C-EUC0402;C0402;CAPACITOR, European symbol;;;;;;;;;;;;;
D22:C45;10n;C-EUC0402;C0402;CAPACITOR, European symbol;;;;;;;;;;;;;
D23:C2;10n;C-EUC0402;C0402;CAPACITOR, European symbol;;;;;;;;;;;;;
D23:C4;10n;C-EUC0402;C0402;CAPACITOR, European symbol;;;;;;;;;;;;;
D23:C5;10n;C-EUC0402;C0402;CAPACITOR, European symbol;;;;;;;;;;;;;
D23:C7;10n;C-EUC0402;C0402;CAPACITOR, European symbol;;;;;;;;;;;;;
D23:C35;10n;C-EUC0402;C0402;CAPACITOR, European symbol;;;;;;;;;;;;;
D23:C45;10n;C-EUC0402;C0402;CAPACITOR, European symbol;;;;;;;;;;;;;
D24:C2;10n;C-EUC0402;C0402;CAPACITOR, European symbol;;;;;;;;;;;;;
D24:C4;10n;C-EUC0402;C0402;CAPACITOR, European symbol;;;;;;;;;;;;;
D24:C5;10n;C-EUC0402;C0402;CAPACITOR, European symbol;;;;;;;;;;;;;
D24:C7;10n;C-EUC0402;C0402;CAPACITOR, European symbol;;;;;;;;;;;;;
D24:C35;10n;C-EUC0402;C0402;CAPACITOR, European symbol;;;;;;;;;;;;;
D24:C45;10n;C-EUC0402;C0402;CAPACITOR, European symbol;;;;;;;;;;;;;
D25:C2;10n;C-EUC0402;C0402;CAPACITOR, European symbol;;;;;;;;;;;;;
D25:C4;10n;C-EUC0402;C0402;CAPACITOR, European symbol;;;;;;;;;;;;;
D25:C5;10n;C-EUC0402;C0402;CAPACITOR, European symbol;;;;;;;;;;;;;
D25:C7;10n;C-EUC0402;C0402;CAPACITOR, European symbol;;;;;;;;;;;;;
D25:C35;10n;C-EUC0402;C0402;CAPACITOR, European symbol;;;;;;;;;;;;;
D25:C45;10n;C-EUC0402;C0402;CAPACITOR, European symbol;;;;;;;;;;;;;
D26:C2;10n;C-EUC0402;C0402;CAPACITOR, European symbol;;;;;;;;;;;;;
D26:C4;10n;C-EUC0402;C0402;CAPACITOR, European symbol;;;;;;;;;;;;;
D26:C5;10n;C-EUC0402;C0402;CAPACITOR, European symbol;;;;;;;;;;;;;
D26:C7;10n;C-EUC0402;C0402;CAPACITOR, European symbol;;;;;;;;;;;;;
D26:C35;10n;C-EUC0402;C0402;CAPACITOR, European symbol;;;;;;;;;;;;;
D26:C45;10n;C-EUC0402;C0402;CAPACITOR, European symbol;;;;;;;;;;;;;
D27:C2;10n;C-EUC0402;C0402;CAPACITOR, European symbol;;;;;;;;;;;;;
D27:C4;10n;C-EUC0402;C0402;CAPACITOR, European symbol;;;;;;;;;;;;;
D27:C5;10n;C-EUC0402;C0402;CAPACITOR, European symbol;;;;;;;;;;;;;
D27:C7;10n;C-EUC0402;C0402;CAPACITOR, European symbol;;;;;;;;;;;;;
D27:C35;10n;C-EUC0402;C0402;CAPACITOR, European symbol;;;;;;;;;;;;;
D27:C45;10n;C-EUC0402;C0402;CAPACITOR, European symbol;;;;;;;;;;;;;
D28:C2;10n;C-EUC0402;C0402;CAPACITOR, European symbol;;;;;;;;;;;;;
D28:C4;10n;C-EUC0402;C0402;CAPACITOR, European symbol;;;;;;;;;;;;;
D28:C5;10n;C-EUC0402;C0402;CAPACITOR, European symbol;;;;;;;;;;;;;
D28:C7;10n;C-EUC0402;C0402;CAPACITOR, European symbol;;;;;;;;;;;;;
D28:C35;10n;C-EUC0402;C0402;CAPACITOR, European symbol;;;;;;;;;;;;;
D28:C45;10n;C-EUC0402;C0402;CAPACITOR, European symbol;;;;;;;;;;;;;
D29:C2;10n;C-EUC0402;C0402;CAPACITOR, European symbol;;;;;;;;;;;;;
D29:C4;10n;C-EUC0402;C0402;CAPACITOR, European symbol;;;;;;;;;;;;;
D29:C5;10n;C-EUC0402;C0402;CAPACITOR, European symbol;;;;;;;;;;;;;
D29:C7;10n;C-EUC0402;C0402;CAPACITOR, European symbol;;;;;;;;;;;;;
D29:C35;10n;C-EUC0402;C0402;CAPACITOR, European symbol;;;;;;;;;;;;;
D29:C45;10n;C-EUC0402;C0402;CAPACITOR, European symbol;;;;;;;;;;;;;
D30:C2;10n;C-EUC0402;C0402;CAPACITOR, European symbol;;;;;;;;;;;;;
D30:C4;10n;C-EUC0402;C0402;CAPACITOR, European symbol;;;;;;;;;;;;;
D30:C5;10n;C-EUC0402;C0402;CAPACITOR, European symbol;;;;;;;;;;;;;
D30:C7;10n;C-EUC0402;C0402;CAPACITOR, European symbol;;;;;;;;;;;;;
D30:C35;10n;C-EUC0402;C0402;CAPACITOR, European symbol;;;;;;;;;;;;;
D30:C45;10n;C-EUC0402;C0402;CAPACITOR, European symbol;;;;;;;;;;;;;
D31:C2;10n;C-EUC0402;C0402;CAPACITOR, European symbol;;;;;;;;;;;;;
D31:C4;10n;C-EUC0402;C0402;CAPACITOR, European symbol;;;;;;;;;;;;;
D31:C5;10n;C-EUC0402;C0402;CAPACITOR, European symbol;;;;;;;;;;;;;
D31:C7;10n;C-EUC0402;C0402;CAPACITOR, European symbol;;;;;;;;;;;;;
D31:C35;10n;C-EUC0402;C0402;CAPACITOR, European symbol;;;;;;;;;;;;;
D31:C45;10n;C-EUC0402;C0402;CAPACITOR, European symbol;;;;;;;;;;;;;
D0:R39;10R;R-EU_R0402;R0402;RESISTOR, European symbol;;;;;;;;;;;;;
D0:R49;10R;R-EU_R0402;R0402;RESISTOR, European symbol;;;;;;;;;;;;;
D1:R39;10R;R-EU_R0402;R0402;RESISTOR, European symbol;;;;;;;;;;;;;
D1:R49;10R;R-EU_R0402;R0402;RESISTOR, European symbol;;;;;;;;;;;;;
D2:R39;10R;R-EU_R0402;R0402;RESISTOR, European symbol;;;;;;;;;;;;;
D2:R49;10R;R-EU_R0402;R0402;RESISTOR, European symbol;;;;;;;;;;;;;
D3:R39;10R;R-EU_R0402;R0402;RESISTOR, European symbol;;;;;;;;;;;;;
D3:R49;10R;R-EU_R0402;R0402;RESISTOR, European symbol;;;;;;;;;;;;;
D4:R39;10R;R-EU_R0402;R0402;RESISTOR, European symbol;;;;;;;;;;;;;
D4:R49;10R;R-EU_R0402;R0402;RESISTOR, European symbol;;;;;;;;;;;;;
D5:R39;10R;R-EU_R0402;R0402;RESISTOR, European symbol;;;;;;;;;;;;;
D5:R49;10R;R-EU_R0402;R0402;RESISTOR, European symbol;;;;;;;;;;;;;
D6:R39;10R;R-EU_R0402;R0402;RESISTOR, European symbol;;;;;;;;;;;;;
D6:R49;10R;R-EU_R0402;R0402;RESISTOR, European symbol;;;;;;;;;;;;;
D7:R39;10R;R-EU_R0402;R0402;RESISTOR, European symbol;;;;;;;;;;;;;
D7:R49;10R;R-EU_R0402;R0402;RESISTOR, European symbol;;;;;;;;;;;;;
D8:R39;10R;R-EU_R0402;R0402;RESISTOR, European symbol;;;;;;;;;;;;;
D8:R49;10R;R-EU_R0402;R0402;RESISTOR, European symbol;;;;;;;;;;;;;
D9:R39;10R;R-EU_R0402;R0402;RESISTOR, European symbol;;;;;;;;;;;;;
D9:R49;10R;R-EU_R0402;R0402;RESISTOR, European symbol;;;;;;;;;;;;;
D10:R39;10R;R-EU_R0402;R0402;RESISTOR, European symbol;;;;;;;;;;;;;
D10:R49;10R;R-EU_R0402;R0402;RESISTOR, European symbol;;;;;;;;;;;;;
D11:R39;10R;R-EU_R0402;R0402;RESISTOR, European symbol;;;;;;;;;;;;;
D11:R49;10R;R-EU_R0402;R0402;RESISTOR, European symbol;;;;;;;;;;;;;
D12:R39;10R;R-EU_R0402;R0402;RESISTOR, European symbol;;;;;;;;;;;;;
D12:R49;10R;R-EU_R0402;R0402;RESISTOR, European symbol;;;;;;;;;;;;;
D13:R39;10R;R-EU_R0402;R0402;RESISTOR, European symbol;;;;;;;;;;;;;
D13:R49;10R;R-EU_R0402;R0402;RESISTOR, European symbol;;;;;;;;;;;;;
D14:R39;10R;R-EU_R0402;R0402;RESISTOR, European symbol;;;;;;;;;;;;;
D14:R49;10R;R-EU_R0402;R0402;RESISTOR, European symbol;;;;;;;;;;;;;
D15:R39;10R;R-EU_R0402;R0402;RESISTOR, European symbol;;;;;;;;;;;;;
D15:R49;10R;R-EU_R0402;R0402;RESISTOR, European symbol;;;;;;;;;;;;;
D16:R39;10R;R-EU_R0402;R0402;RESISTOR, European symbol;;;;;;;;;;;;;
D16:R49;10R;R-EU_R0402;R0402;RESISTOR, European symbol;;;;;;;;;;;;;
D17:R39;10R;R-EU_R0402;R0402;RESISTOR, European symbol;;;;;;;;;;;;;
D17:R49;10R;R-EU_R0402;R0402;RESISTOR, European symbol;;;;;;;;;;;;;
D18:R39;10R;R-EU_R0402;R0402;RESISTOR, European symbol;;;;;;;;;;;;;
D18:R49;10R;R-EU_R0402;R0402;RESISTOR, European symbol;;;;;;;;;;;;;
D19:R39;10R;R-EU_R0402;R0402;RESISTOR, European symbol;;;;;;;;;;;;;
D19:R49;10R;R-EU_R0402;R0402;RESISTOR, European symbol;;;;;;;;;;;;;
D20:R39;10R;R-EU_R0402;R0402;RESISTOR, European symbol;;;;;;;;;;;;;
D20:R49;10R;R-EU_R0402;R0402;RESISTOR, European symbol;;;;;;;;;;;;;
D21:R39;10R;R-EU_R0402;R0402;RESISTOR, European symbol;;;;;;;;;;;;;
D21:R49;10R;R-EU_R0402;R0402;RESISTOR, European symbol;;;;;;;;;;;;;
D22:R39;10R;R-EU_R0402;R0402;RESISTOR, European symbol;;;;;;;;;;;;;
D22:R49;10R;R-EU_R0402;R0402;RESISTOR, European symbol;;;;;;;;;;;;;
D23:R39;10R;R-EU_R0402;R0402;RESISTOR, European symbol;;;;;;;;;;;;;
D23:R49;10R;R-EU_R0402;R0402;RESISTOR, European symbol;;;;;;;;;;;;;
D24:R39;10R;R-EU_R0402;R0402;RESISTOR, European symbol;;;;;;;;;;;;;
D24:R49;10R;R-EU_R0402;R0402;RESISTOR, European symbol;;;;;;;;;;;;;
D25:R39;10R;R-EU_R0402;R0402;RESISTOR, European symbol;;;;;;;;;;;;;
D25:R49;10R;R-EU_R0402;R0402;RESISTOR, European symbol;;;;;;;;;;;;;
D26:R39;10R;R-EU_R0402;R0402;RESISTOR, European symbol;;;;;;;;;;;;;
D26:R49;10R;R-EU_R0402;R0402;RESISTOR, European symbol;;;;;;;;;;;;;
D27:R39;10R;R-EU_R0402;R0402;RESISTOR, European symbol;;;;;;;;;;;;;
D27:R49;10R;R-EU_R0402;R0402;RESISTOR, European symbol;;;;;;;;;;;;;
D28:R39;10R;R-EU_R0402;R0402;RESISTOR, European symbol;;;;;;;;;;;;;
D28:R49;10R;R-EU_R0402;R0402;RESISTOR, European symbol;;;;;;;;;;;;;
D29:R39;10R;R-EU_R0402;R0402;RESISTOR, European symbol;;;;;;;;;;;;;
D29:R49;10R;R-EU_R0402;R0402;RESISTOR, European symbol;;;;;;;;;;;;;
D30:R39;10R;R-EU_R0402;R0402;RESISTOR, European symbol;;;;;;;;;;;;;
D30:R49;10R;R-EU_R0402;R0402;RESISTOR, European symbol;;;;;;;;;;;;;
D31:R39;10R;R-EU_R0402;R0402;RESISTOR, European symbol;;;;;;;;;;;;;
D31:R49;10R;R-EU_R0402;R0402;RESISTOR, European symbol;;;;;;;;;;;;;
R4;10R;R-EU_R0402;R0402;RESISTOR, European symbol;;;;;;;;;;;;;
R10;10R;R-EU_R0402;R0402;RESISTOR, European symbol;;;;;;;;;;;;;
R17;10R;R_HAND;R0805H;;;;;;;;;;;;;;
R21;10R;R-EU_R0402;R0402;RESISTOR, European symbol;;;;;;;;;;;;;
R24;10R;R-EU_R0402;R0402;RESISTOR, European symbol;;;;;;;;;;;;;
R28;10R;R-EU_R0402;R0402;RESISTOR, European symbol;;;;;;;;;;;;;
R35;10R;R-EU_R0402;R0402;RESISTOR, European symbol;;;;;;;;;;;;;
R40;10R;R-EU_R0402;R0402;RESISTOR, European symbol;;;;;;;;;;;;;
R43;10R;R-EU_R0402;R0402;RESISTOR, European symbol;;;;;;;;;;;;;
R50;10R;R-EU_R0402;R0402;RESISTOR, European symbol;;;;;;;;;;;;;
C4;10u;CPOL-EUSMCA;SMC_A;POLARIZED CAPACITOR, European symbol;;;;;;;;;;;;;
C17;10u;CPOL-EUSMCA;SMC_A;POLARIZED CAPACITOR, European symbol;;;;;;;;;;;;;
C18;10u;CPOL-EUSMCA;SMC_A;POLARIZED CAPACITOR, European symbol;;;;;;;;;;;;;
C21;10u;CPOL-EUSMCA;SMC_A;POLARIZED CAPACITOR, European symbol;;;;;;;;;;;;;
R52;12K;R-EU_R0402;R0402;RESISTOR, European symbol;;;;;;;;;;;;;
D0:C32;150p;C-EUC0402;C0402;CAPACITOR, European symbol;;;;;;;;;;1.00%;;;
D0:C42;150p;C-EUC0402;C0402;CAPACITOR, European symbol;;;;;;;;;;1.00%;;;
D1:C32;150p;C-EUC0402;C0402;CAPACITOR, European symbol;;;;;;;;;;1.00%;;;
D1:C42;150p;C-EUC0402;C0402;CAPACITOR, European symbol;;;;;;;;;;1.00%;;;
D2:C32;150p;C-EUC0402;C0402;CAPACITOR, European symbol;;;;;;;;;;1.00%;;;
D2:C42;150p;C-EUC0402;C0402;CAPACITOR, European symbol;;;;;;;;;;1.00%;;;
D3:C32;150p;C-EUC0402;C0402;CAPACITOR, European symbol;;;;;;;;;;1.00%;;;
D3:C42;150p;C-EUC0402;C0402;CAPACITOR, European symbol;;;;;;;;;;1.00%;;;
D4:C32;150p;C-EUC0402;C0402;CAPACITOR, European symbol;;;;;;;;;;1.00%;;;
D4:C42;150p;C-EUC0402;C0402;CAPACITOR, European symbol;;;;;;;;;;1.00%;;;
D5:C32;150p;C-EUC0402;C0402;CAPACITOR, European symbol;;;;;;;;;;1.00%;;;
D5:C42;150p;C-EUC0402;C0402;CAPACITOR, European symbol;;;;;;;;;;1.00%;;;
D6:C32;150p;C-EUC0402;C0402;CAPACITOR, European symbol;;;;;;;;;;1.00%;;;
D6:C42;150p;C-EUC0402;C0402;CAPACITOR, European symbol;;;;;;;;;;1.00%;;;
D7:C32;150p;C-EUC0402;C0402;CAPACITOR, European symbol;;;;;;;;;;1.00%;;;
D7:C42;150p;C-EUC0402;C0402;CAPACITOR, European symbol;;;;;;;;;;1.00%;;;
D8:C32;150p;C-EUC0402;C0402;CAPACITOR, European symbol;;;;;;;;;;1.00%;;;
D8:C42;150p;C-EUC0402;C0402;CAPACITOR, European symbol;;;;;;;;;;1.00%;;;
D9:C32;150p;C-EUC0402;C0402;CAPACITOR, European symbol;;;;;;;;;;1.00%;;;
D9:C42;150p;C-EUC0402;C0402;CAPACITOR, European symbol;;;;;;;;;;1.00%;;;
D10:C32;150p;C-EUC0402;C0402;CAPACITOR, European symbol;;;;;;;;;;1.00%;;;
D10:C42;150p;C-EUC0402;C0402;CAPACITOR, European symbol;;;;;;;;;;1.00%;;;
D11:C32;150p;C-EUC0402;C0402;CAPACITOR, European symbol;;;;;;;;;;1.00%;;;
D11:C42;150p;C-EUC0402;C0402;CAPACITOR, European symbol;;;;;;;;;;1.00%;;;
D12:C32;150p;C-EUC0402;C0402;CAPACITOR, European symbol;;;;;;;;;;1.00%;;;
D12:C42;150p;C-EUC0402;C0402;CAPACITOR, European symbol;;;;;;;;;;1.00%;;;
D13:C32;150p;C-EUC0402;C0402;CAPACITOR, European symbol;;;;;;;;;;1.00%;;;
D13:C42;150p;C-EUC0402;C0402;CAPACITOR, European symbol;;;;;;;;;;1.00%;;;
D14:C32;150p;C-EUC0402;C0402;CAPACITOR, European symbol;;;;;;;;;;1.00%;;;
D14:C42;150p;C-EUC0402;C0402;CAPACITOR, European symbol;;;;;;;;;;1.00%;;;
D15:C32;150p;C-EUC0402;C0402;CAPACITOR, European symbol;;;;;;;;;;1.00%;;;
D15:C42;150p;C-EUC0402;C0402;CAPACITOR, European symbol;;;;;;;;;;1.00%;;;
D16:C32;150p;C-EUC0402;C0402;CAPACITOR, European symbol;;;;;;;;;;1.00%;;;
D16:C42;150p;C-EUC0402;C0402;CAPACITOR, European symbol;;;;;;;;;;1.00%;;;
D17:C32;150p;C-EUC0402;C0402;CAPACITOR, European symbol;;;;;;;;;;1.00%;;;
D17:C42;150p;C-EUC0402;C0402;CAPACITOR, European symbol;;;;;;;;;;1.00%;;;
D18:C32;150p;C-EUC0402;C0402;CAPACITOR, European symbol;;;;;;;;;;1.00%;;;
D18:C42;150p;C-EUC0402;C0402;CAPACITOR, European symbol;;;;;;;;;;1.00%;;;
D19:C32;150p;C-EUC0402;C0402;CAPACITOR, European symbol;;;;;;;;;;1.00%;;;
D19:C42;150p;C-EUC0402;C0402;CAPACITOR, European symbol;;;;;;;;;;1.00%;;;
D20:C32;150p;C-EUC0402;C0402;CAPACITOR, European symbol;;;;;;;;;;1.00%;;;
D20:C42;150p;C-EUC0402;C0402;CAPACITOR, European symbol;;;;;;;;;;1.00%;;;
D21:C32;150p;C-EUC0402;C0402;CAPACITOR, European symbol;;;;;;;;;;1.00%;;;
D21:C42;150p;C-EUC0402;C0402;CAPACITOR, European symbol;;;;;;;;;;1.00%;;;
D22:C32;150p;C-EUC0402;C0402;CAPACITOR, European symbol;;;;;;;;;;1.00%;;;
D22:C42;150p;C-EUC0402;C0402;CAPACITOR, European symbol;;;;;;;;;;1.00%;;;
D23:C32;150p;C-EUC0402;C0402;CAPACITOR, European symbol;;;;;;;;;;1.00%;;;
D23:C42;150p;C-EUC0402;C0402;CAPACITOR, European symbol;;;;;;;;;;1.00%;;;
D24:C32;150p;C-EUC0402;C0402;CAPACITOR, European symbol;;;;;;;;;;1.00%;;;
D24:C42;150p;C-EUC0402;C0402;CAPACITOR, European symbol;;;;;;;;;;1.00%;;;
D25:C32;150p;C-EUC0402;C0402;CAPACITOR, European symbol;;;;;;;;;;1.00%;;;
D25:C42;150p;C-EUC0402;C0402;CAPACITOR, European symbol;;;;;;;;;;1.00%;;;
D26:C32;150p;C-EUC0402;C0402;CAPACITOR, European symbol;;;;;;;;;;1.00%;;;
D26:C42;150p;C-EUC0402;C0402;CAPACITOR, European symbol;;;;;;;;;;1.00%;;;
D27:C32;150p;C-EUC0402;C0402;CAPACITOR, European symbol;;;;;;;;;;1.00%;;;
D27:C42;150p;C-EUC0402;C0402;CAPACITOR, European symbol;;;;;;;;;;1.00%;;;
D28:C32;150p;C-EUC0402;C0402;CAPACITOR, European symbol;;;;;;;;;;1.00%;;;
D28:C42;150p;C-EUC0402;C0402;CAPACITOR, European symbol;;;;;;;;;;1.00%;;;
D29:C32;150p;C-EUC0402;C0402;CAPACITOR, European symbol;;;;;;;;;;1.00%;;;
D29:C42;150p;C-EUC0402;C0402;CAPACITOR, European symbol;;;;;;;;;;1.00%;;;
D30:C32;150p;C-EUC0402;C0402;CAPACITOR, European symbol;;;;;;;;;;1.00%;;;
D30:C42;150p;C-EUC0402;C0402;CAPACITOR, European symbol;;;;;;;;;;1.00%;;;
D31:C32;150p;C-EUC0402;C0402;CAPACITOR, European symbol;;;;;;;;;;1.00%;;;
D31:C42;150p;C-EUC0402;C0402;CAPACITOR, European symbol;;;;;;;;;;1.00%;;;
R55;15K;R-EU_R0402;R0402;RESISTOR, European symbol;;;;;;;;;;;;;
R53;18K;R-EU_R0402;R0402;RESISTOR, European symbol;;;;;;;;;;;;;
D0:R1;1K;R-EU_R0402;R0402;RESISTOR, European symbol;;;;;;;;;;;;;
D1:R1;1K;R-EU_R0402;R0402;RESISTOR, European symbol;;;;;;;;;;;;;
D2:R1;1K;R-EU_R0402;R0402;RESISTOR, European symbol;;;;;;;;;;;;;
D3:R1;1K;R-EU_R0402;R0402;RESISTOR, European symbol;;;;;;;;;;;;;
D4:R1;1K;R-EU_R0402;R0402;RESISTOR, European symbol;;;;;;;;;;;;;
D5:R1;1K;R-EU_R0402;R0402;RESISTOR, European symbol;;;;;;;;;;;;;
D6:R1;1K;R-EU_R0402;R0402;RESISTOR, European symbol;;;;;;;;;;;;;
D7:R1;1K;R-EU_R0402;R0402;RESISTOR, European symbol;;;;;;;;;;;;;
D8:R1;1K;R-EU_R0402;R0402;RESISTOR, European symbol;;;;;;;;;;;;;
D9:R1;1K;R-EU_R0402;R0402;RESISTOR, European symbol;;;;;;;;;;;;;
D10:R1;1K;R-EU_R0402;R0402;RESISTOR, European symbol;;;;;;;;;;;;;
D11:R1;1K;R-EU_R0402;R0402;RESISTOR, European symbol;;;;;;;;;;;;;
D12:R1;1K;R-EU_R0402;R0402;RESISTOR, European symbol;;;;;;;;;;;;;
D13:R1;1K;R-EU_R0402;R0402;RESISTOR, European symbol;;;;;;;;;;;;;
D14:R1;1K;R-EU_R0402;R0402;RESISTOR, European symbol;;;;;;;;;;;;;
D15:R1;1K;R-EU_R0402;R0402;RESISTOR, European symbol;;;;;;;;;;;;;
D16:R1;1K;R-EU_R0402;R0402;RESISTOR, European symbol;;;;;;;;;;;;;
D17:R1;1K;R-EU_R0402;R0402;RESISTOR, European symbol;;;;;;;;;;;;;
D18:R1;1K;R-EU_R0402;R0402;RESISTOR, European symbol;;;;;;;;;;;;;
D19:R1;1K;R-EU_R0402;R0402;RESISTOR, European symbol;;;;;;;;;;;;;
D20:R1;1K;R-EU_R0402;R0402;RESISTOR, European symbol;;;;;;;;;;;;;
D21:R1;1K;R-EU_R0402;R0402;RESISTOR, European symbol;;;;;;;;;;;;;
D22:R1;1K;R-EU_R0402;R0402;RESISTOR, European symbol;;;;;;;;;;;;;
D23:R1;1K;R-EU_R0402;R0402;RESISTOR, European symbol;;;;;;;;;;;;;
D24:R1;1K;R-EU_R0402;R0402;RESISTOR, European symbol;;;;;;;;;;;;;
D25:R1;1K;R-EU_R0402;R0402;RESISTOR, European symbol;;;;;;;;;;;;;
D26:R1;1K;R-EU_R0402;R0402;RESISTOR, European symbol;;;;;;;;;;;;;
D27:R1;1K;R-EU_R0402;R0402;RESISTOR, European symbol;;;;;;;;;;;;;
D28:R1;1K;R-EU_R0402;R0402;RESISTOR, European symbol;;;;;;;;;;;;;
D29:R1;1K;R-EU_R0402;R0402;RESISTOR, European symbol;;;;;;;;;;;;;
D30:R1;1K;R-EU_R0402;R0402;RESISTOR, European symbol;;;;;;;;;;;;;
D31:R1;1K;R-EU_R0402;R0402;RESISTOR, European symbol;;;;;;;;;;;;;
R18;1K;R-EU_R0402;R0402;RESISTOR, European symbol;;;;;;;;;;;;;
R42;1K;R-EU_R0402;R0402;RESISTOR, European symbol;;;;;;;;;;;;;
R45;1K;R-EU_R0805;R0805;RESISTOR, European symbol;;;;;;;;;;;;;
R56;1K;R-EU_R0402;R0402;RESISTOR, European symbol;;;;;;;;;;;;;
D0:R45;1K4;R-EU_R0402;R0402;RESISTOR, European symbol;;;;;;;;;;;;;
D1:R45;1K4;R-EU_R0402;R0402;RESISTOR, European symbol;;;;;;;;;;;;;
D2:R45;1K4;R-EU_R0402;R0402;RESISTOR, European symbol;;;;;;;;;;;;;
D3:R45;1K4;R-EU_R0402;R0402;RESISTOR, European symbol;;;;;;;;;;;;;
D4:R45;1K4;R-EU_R0402;R0402;RESISTOR, European symbol;;;;;;;;;;;;;
D5:R45;1K4;R-EU_R0402;R0402;RESISTOR, European symbol;;;;;;;;;;;;;
D6:R45;1K4;R-EU_R0402;R0402;RESISTOR, European symbol;;;;;;;;;;;;;
D7:R45;1K4;R-EU_R0402;R0402;RESISTOR, European symbol;;;;;;;;;;;;;
D8:R45;1K4;R-EU_R0402;R0402;RESISTOR, European symbol;;;;;;;;;;;;;
D9:R45;1K4;R-EU_R0402;R0402;RESISTOR, European symbol;;;;;;;;;;;;;
D10:R45;1K4;R-EU_R0402;R0402;RESISTOR, European symbol;;;;;;;;;;;;;
D11:R45;1K4;R-EU_R0402;R0402;RESISTOR, European symbol;;;;;;;;;;;;;
D12:R45;1K4;R-EU_R0402;R0402;RESISTOR, European symbol;;;;;;;;;;;;;
D13:R45;1K4;R-EU_R0402;R0402;RESISTOR, European symbol;;;;;;;;;;;;;
D14:R45;1K4;R-EU_R0402;R0402;RESISTOR, European symbol;;;;;;;;;;;;;
D15:R45;1K4;R-EU_R0402;R0402;RESISTOR, European symbol;;;;;;;;;;;;;
D16:R45;1K4;R-EU_R0402;R0402;RESISTOR, European symbol;;;;;;;;;;;;;
D17:R45;1K4;R-EU_R0402;R0402;RESISTOR, European symbol;;;;;;;;;;;;;
D18:R45;1K4;R-EU_R0402;R0402;RESISTOR, European symbol;;;;;;;;;;;;;
D19:R45;1K4;R-EU_R0402;R0402;RESISTOR, European symbol;;;;;;;;;;;;;
D20:R45;1K4;R-EU_R0402;R0402;RESISTOR, European symbol;;;;;;;;;;;;;
D21:R45;1K4;R-EU_R0402;R0402;RESISTOR, European symbol;;;;;;;;;;;;;
D22:R45;1K4;R-EU_R0402;R0402;RESISTOR, European symbol;;;;;;;;;;;;;
D23:R45;1K4;R-EU_R0402;R0402;RESISTOR, European symbol;;;;;;;;;;;;;
D24:R45;1K4;R-EU_R0402;R0402;RESISTOR, European symbol;;;;;;;;;;;;;
D25:R45;1K4;R-EU_R0402;R0402;RESISTOR, European symbol;;;;;;;;;;;;;
D26:R45;1K4;R-EU_R0402;R0402;RESISTOR, European symbol;;;;;;;;;;;;;
D27:R45;1K4;R-EU_R0402;R0402;RESISTOR, European symbol;;;;;;;;;;;;;
D28:R45;1K4;R-EU_R0402;R0402;RESISTOR, European symbol;;;;;;;;;;;;;
D29:R45;1K4;R-EU_R0402;R0402;RESISTOR, European symbol;;;;;;;;;;;;;
D30:R45;1K4;R-EU_R0402;R0402;RESISTOR, European symbol;;;;;;;;;;;;;
D31:R45;1K4;R-EU_R0402;R0402;RESISTOR, European symbol;;;;;;;;;;;;;
D0:R35;1K5;R-EU_R0402;R0402;RESISTOR, European symbol;;;;;;;;;;;;;
D1:R35;1K5;R-EU_R0402;R0402;RESISTOR, European symbol;;;;;;;;;;;;;
D2:R35;1K5;R-EU_R0402;R0402;RESISTOR, European symbol;;;;;;;;;;;;;
D3:R35;1K5;R-EU_R0402;R0402;RESISTOR, European symbol;;;;;;;;;;;;;
D4:R35;1K5;R-EU_R0402;R0402;RESISTOR, European symbol;;;;;;;;;;;;;
D5:R35;1K5;R-EU_R0402;R0402;RESISTOR, European symbol;;;;;;;;;;;;;
D6:R35;1K5;R-EU_R0402;R0402;RESISTOR, European symbol;;;;;;;;;;;;;
D7:R35;1K5;R-EU_R0402;R0402;RESISTOR, European symbol;;;;;;;;;;;;;
D8:R35;1K5;R-EU_R0402;R0402;RESISTOR, European symbol;;;;;;;;;;;;;
D9:R35;1K5;R-EU_R0402;R0402;RESISTOR, European symbol;;;;;;;;;;;;;
D10:R35;1K5;R-EU_R0402;R0402;RESISTOR, European symbol;;;;;;;;;;;;;
D11:R35;1K5;R-EU_R0402;R0402;RESISTOR, European symbol;;;;;;;;;;;;;
D12:R35;1K5;R-EU_R0402;R0402;RESISTOR, European symbol;;;;;;;;;;;;;
D13:R35;1K5;R-EU_R0402;R0402;RESISTOR, European symbol;;;;;;;;;;;;;
D14:R35;1K5;R-EU_R0402;R0402;RESISTOR, European symbol;;;;;;;;;;;;;
D15:R35;1K5;R-EU_R0402;R0402;RESISTOR, European symbol;;;;;;;;;;;;;
D16:R35;1K5;R-EU_R0402;R0402;RESISTOR, European symbol;;;;;;;;;;;;;
D17:R35;1K5;R-EU_R0402;R0402;RESISTOR, European symbol;;;;;;;;;;;;;
D18:R35;1K5;R-EU_R0402;R0402;RESISTOR, European symbol;;;;;;;;;;;;;
D19:R35;1K5;R-EU_R0402;R0402;RESISTOR, European symbol;;;;;;;;;;;;;
D20:R35;1K5;R-EU_R0402;R0402;RESISTOR, European symbol;;;;;;;;;;;;;
D21:R35;1K5;R-EU_R0402;R0402;RESISTOR, European symbol;;;;;;;;;;;;;
D22:R35;1K5;R-EU_R0402;R0402;RESISTOR, European symbol;;;;;;;;;;;;;
D23:R35;1K5;R-EU_R0402;R0402;RESISTOR, European symbol;;;;;;;;;;;;;
D24:R35;1K5;R-EU_R0402;R0402;RESISTOR, European symbol;;;;;;;;;;;;;
D25:R35;1K5;R-EU_R0402;R0402;RESISTOR, European symbol;;;;;;;;;;;;;
D26:R35;1K5;R-EU_R0402;R0402;RESISTOR, European symbol;;;;;;;;;;;;;
D27:R35;1K5;R-EU_R0402;R0402;RESISTOR, European symbol;;;;;;;;;;;;;
D28:R35;1K5;R-EU_R0402;R0402;RESISTOR, European symbol;;;;;;;;;;;;;
D29:R35;1K5;R-EU_R0402;R0402;RESISTOR, European symbol;;;;;;;;;;;;;
D30:R35;1K5;R-EU_R0402;R0402;RESISTOR, European symbol;;;;;;;;;;;;;
D31:R35;1K5;R-EU_R0402;R0402;RESISTOR, European symbol;;;;;;;;;;;;;
D32;2.0V;TFZV;SOD323R_ROHM;ROHM zener diodes  TFZV series  & YFZVFH;;400mA;;TFZV2.0B;2580911;;500mW;;ROHM;;;;
D33;2.0V;TFZV;SOD323R_ROHM;ROHM zener diodes  TFZV series  & YFZVFH;;400mA;;TFZV2.0B;2580911;;500mW;;ROHM;;;;
D0:R34;200R;R-EU_R0402;R0402;RESISTOR, European symbol;;;;;;;;;;;;;
D0:R44;200R;R-EU_R0402;R0402;RESISTOR, European symbol;;;;;;;;;;;;;
D1:R34;200R;R-EU_R0402;R0402;RESISTOR, European symbol;;;;;;;;;;;;;
D1:R44;200R;R-EU_R0402;R0402;RESISTOR, European symbol;;;;;;;;;;;;;
D2:R34;200R;R-EU_R0402;R0402;RESISTOR, European symbol;;;;;;;;;;;;;
D2:R44;200R;R-EU_R0402;R0402;RESISTOR, European symbol;;;;;;;;;;;;;
D3:R34;200R;R-EU_R0402;R0402;RESISTOR, European symbol;;;;;;;;;;;;;
D3:R44;200R;R-EU_R0402;R0402;RESISTOR, European symbol;;;;;;;;;;;;;
D4:R34;200R;R-EU_R0402;R0402;RESISTOR, European symbol;;;;;;;;;;;;;
D4:R44;200R;R-EU_R0402;R0402;RESISTOR, European symbol;;;;;;;;;;;;;
D5:R34;200R;R-EU_R0402;R0402;RESISTOR, European symbol;;;;;;;;;;;;;
D5:R44;200R;R-EU_R0402;R0402;RESISTOR, European symbol;;;;;;;;;;;;;
D6:R34;200R;R-EU_R0402;R0402;RESISTOR, European symbol;;;;;;;;;;;;;
D6:R44;200R;R-EU_R0402;R0402;RESISTOR, European symbol;;;;;;;;;;;;;
D7:R34;200R;R-EU_R0402;R0402;RESISTOR, European symbol;;;;;;;;;;;;;
D7:R44;200R;R-EU_R0402;R0402;RESISTOR, European symbol;;;;;;;;;;;;;
D8:R34;200R;R-EU_R0402;R0402;RESISTOR, European symbol;;;;;;;;;;;;;
D8:R44;200R;R-EU_R0402;R0402;RESISTOR, European symbol;;;;;;;;;;;;;
D9:R34;200R;R-EU_R0402;R0402;RESISTOR, European symbol;;;;;;;;;;;;;
D9:R44;200R;R-EU_R0402;R0402;RESISTOR, European symbol;;;;;;;;;;;;;
D10:R34;200R;R-EU_R0402;R0402;RESISTOR, European symbol;;;;;;;;;;;;;
D10:R44;200R;R-EU_R0402;R0402;RESISTOR, European symbol;;;;;;;;;;;;;
D11:R34;200R;R-EU_R0402;R0402;RESISTOR, European symbol;;;;;;;;;;;;;
D11:R44;200R;R-EU_R0402;R0402;RESISTOR, European symbol;;;;;;;;;;;;;
D12:R34;200R;R-EU_R0402;R0402;RESISTOR, European symbol;;;;;;;;;;;;;
D12:R44;200R;R-EU_R0402;R0402;RESISTOR, European symbol;;;;;;;;;;;;;
D13:R34;200R;R-EU_R0402;R0402;RESISTOR, European symbol;;;;;;;;;;;;;
D13:R44;200R;R-EU_R0402;R0402;RESISTOR, European symbol;;;;;;;;;;;;;
D14:R34;200R;R-EU_R0402;R0402;RESISTOR, European symbol;;;;;;;;;;;;;
D14:R44;200R;R-EU_R0402;R0402;RESISTOR, European symbol;;;;;;;;;;;;;
D15:R34;200R;R-EU_R0402;R0402;RESISTOR, European symbol;;;;;;;;;;;;;
D15:R44;200R;R-EU_R0402;R0402;RESISTOR, European symbol;;;;;;;;;;;;;
D16:R34;200R;R-EU_R0402;R0402;RESISTOR, European symbol;;;;;;;;;;;;;
D16:R44;200R;R-EU_R0402;R0402;RESISTOR, European symbol;;;;;;;;;;;;;
D17:R34;200R;R-EU_R0402;R0402;RESISTOR, European symbol;;;;;;;;;;;;;
D17:R44;200R;R-EU_R0402;R0402;RESISTOR, European symbol;;;;;;;;;;;;;
D18:R34;200R;R-EU_R0402;R0402;RESISTOR, European symbol;;;;;;;;;;;;;
D18:R44;200R;R-EU_R0402;R0402;RESISTOR, European symbol;;;;;;;;;;;;;
D19:R34;200R;R-EU_R0402;R0402;RESISTOR, European symbol;;;;;;;;;;;;;
D19:R44;200R;R-EU_R0402;R0402;RESISTOR, European symbol;;;;;;;;;;;;;
D20:R34;200R;R-EU_R0402;R0402;RESISTOR, European symbol;;;;;;;;;;;;;
D20:R44;200R;R-EU_R0402;R0402;RESISTOR, European symbol;;;;;;;;;;;;;
D21:R34;200R;R-EU_R0402;R0402;RESISTOR, European symbol;;;;;;;;;;;;;
D21:R44;200R;R-EU_R0402;R0402;RESISTOR, European symbol;;;;;;;;;;;;;
D22:R34;200R;R-EU_R0402;R0402;RESISTOR, European symbol;;;;;;;;;;;;;
D22:R44;200R;R-EU_R0402;R0402;RESISTOR, European symbol;;;;;;;;;;;;;
D23:R34;200R;R-EU_R0402;R0402;RESISTOR, European symbol;;;;;;;;;;;;;
D23:R44;200R;R-EU_R0402;R0402;RESISTOR, European symbol;;;;;;;;;;;;;
D24:R34;200R;R-EU_R0402;R0402;RESISTOR, European symbol;;;;;;;;;;;;;
D24:R44;200R;R-EU_R0402;R0402;RESISTOR, European symbol;;;;;;;;;;;;;
D25:R34;200R;R-EU_R0402;R0402;RESISTOR, European symbol;;;;;;;;;;;;;
D25:R44;200R;R-EU_R0402;R0402;RESISTOR, European symbol;;;;;;;;;;;;;
D26:R34;200R;R-EU_R0402;R0402;RESISTOR, European symbol;;;;;;;;;;;;;
D26:R44;200R;R-EU_R0402;R0402;RESISTOR, European symbol;;;;;;;;;;;;;
D27:R34;200R;R-EU_R0402;R0402;RESISTOR, European symbol;;;;;;;;;;;;;
D27:R44;200R;R-EU_R0402;R0402;RESISTOR, European symbol;;;;;;;;;;;;;
D28:R34;200R;R-EU_R0402;R0402;RESISTOR, European symbol;;;;;;;;;;;;;
D28:R44;200R;R-EU_R0402;R0402;RESISTOR, European symbol;;;;;;;;;;;;;
D29:R34;200R;R-EU_R0402;R0402;RESISTOR, European symbol;;;;;;;;;;;;;
D29:R44;200R;R-EU_R0402;R0402;RESISTOR, European symbol;;;;;;;;;;;;;
D30:R34;200R;R-EU_R0402;R0402;RESISTOR, European symbol;;;;;;;;;;;;;
D30:R44;200R;R-EU_R0402;R0402;RESISTOR, European symbol;;;;;;;;;;;;;
D31:R34;200R;R-EU_R0402;R0402;RESISTOR, European symbol;;;;;;;;;;;;;
D31:R44;200R;R-EU_R0402;R0402;RESISTOR, European symbol;;;;;;;;;;;;;
D0:R38;20K;R-EU_R0402;R0402;RESISTOR, European symbol;;;;;;;;;;;;;
D1:R38;20K;R-EU_R0402;R0402;RESISTOR, European symbol;;;;;;;;;;;;;
D2:R38;20K;R-EU_R0402;R0402;RESISTOR, European symbol;;;;;;;;;;;;;
D3:R38;20K;R-EU_R0402;R0402;RESISTOR, European symbol;;;;;;;;;;;;;
D4:R38;20K;R-EU_R0402;R0402;RESISTOR, European symbol;;;;;;;;;;;;;
D5:R38;20K;R-EU_R0402;R0402;RESISTOR, European symbol;;;;;;;;;;;;;
D6:R38;20K;R-EU_R0402;R0402;RESISTOR, European symbol;;;;;;;;;;;;;
D7:R38;20K;R-EU_R0402;R0402;RESISTOR, European symbol;;;;;;;;;;;;;
D8:R38;20K;R-EU_R0402;R0402;RESISTOR, European symbol;;;;;;;;;;;;;
D9:R38;20K;R-EU_R0402;R0402;RESISTOR, European symbol;;;;;;;;;;;;;
D10:R38;20K;R-EU_R0402;R0402;RESISTOR, European symbol;;;;;;;;;;;;;
D11:R38;20K;R-EU_R0402;R0402;RESISTOR, European symbol;;;;;;;;;;;;;
D12:R38;20K;R-EU_R0402;R0402;RESISTOR, European symbol;;;;;;;;;;;;;
D13:R38;20K;R-EU_R0402;R0402;RESISTOR, European symbol;;;;;;;;;;;;;
D14:R38;20K;R-EU_R0402;R0402;RESISTOR, European symbol;;;;;;;;;;;;;
D15:R38;20K;R-EU_R0402;R0402;RESISTOR, European symbol;;;;;;;;;;;;;
D16:R38;20K;R-EU_R0402;R0402;RESISTOR, European symbol;;;;;;;;;;;;;
D17:R38;20K;R-EU_R0402;R0402;RESISTOR, European symbol;;;;;;;;;;;;;
D18:R38;20K;R-EU_R0402;R0402;RESISTOR, European symbol;;;;;;;;;;;;;
D19:R38;20K;R-EU_R0402;R0402;RESISTOR, European symbol;;;;;;;;;;;;;
D20:R38;20K;R-EU_R0402;R0402;RESISTOR, European symbol;;;;;;;;;;;;;
D21:R38;20K;R-EU_R0402;R0402;RESISTOR, European symbol;;;;;;;;;;;;;
D22:R38;20K;R-EU_R0402;R0402;RESISTOR, European symbol;;;;;;;;;;;;;
D23:R38;20K;R-EU_R0402;R0402;RESISTOR, European symbol;;;;;;;;;;;;;
D24:R38;20K;R-EU_R0402;R0402;RESISTOR, European symbol;;;;;;;;;;;;;
D25:R38;20K;R-EU_R0402;R0402;RESISTOR, European symbol;;;;;;;;;;;;;
D26:R38;20K;R-EU_R0402;R0402;RESISTOR, European symbol;;;;;;;;;;;;;
D27:R38;20K;R-EU_R0402;R0402;RESISTOR, European symbol;;;;;;;;;;;;;
D28:R38;20K;R-EU_R0402;R0402;RESISTOR, European symbol;;;;;;;;;;;;;
D29:R38;20K;R-EU_R0402;R0402;RESISTOR, European symbol;;;;;;;;;;;;;
D30:R38;20K;R-EU_R0402;R0402;RESISTOR, European symbol;;;;;;;;;;;;;
D31:R38;20K;R-EU_R0402;R0402;RESISTOR, European symbol;;;;;;;;;;;;;
X6;22-23-2021;22-23-2021;22-23-2021;.100 inch (2.54mm) Center Header - 2 Pin;;;;22-23-2021;1462926;25C3832;;;MOLEX;;;;
X8;22-23-2031;22-23-2031;22-23-2031;.100 inch (2.54mm) Center Header - 3 Pin;;;;22-23-2031;1462950;30C0862;;;MOLEX;;;;
D0:R31;24.3R;R-EU_R0603;R0603;RESISTOR, European symbol;;;;;;;;;;0.1;;;
D0:R32;24.3R;R-EU_R0603;R0603;RESISTOR, European symbol;;;;;;;;;;0.1;;;
D0:R41;24.3R;R-EU_R0603;R0603;RESISTOR, European symbol;;;;;;;;;;0.1;;;
D0:R42;24.3R;R-EU_R0603;R0603;RESISTOR, European symbol;;;;;;;;;;0.1;;;
D1:R31;24.3R;R-EU_R0603;R0603;RESISTOR, European symbol;;;;;;;;;;0.1;;;
D1:R32;24.3R;R-EU_R0603;R0603;RESISTOR, European symbol;;;;;;;;;;0.1;;;
D1:R41;24.3R;R-EU_R0603;R0603;RESISTOR, European symbol;;;;;;;;;;0.1;;;
D1:R42;24.3R;R-EU_R0603;R0603;RESISTOR, European symbol;;;;;;;;;;0.1;;;
D2:R31;24.3R;R-EU_R0603;R0603;RESISTOR, European symbol;;;;;;;;;;0.1;;;
D2:R32;24.3R;R-EU_R0603;R0603;RESISTOR, European symbol;;;;;;;;;;0.1;;;
D2:R41;24.3R;R-EU_R0603;R0603;RESISTOR, European symbol;;;;;;;;;;0.1;;;
D2:R42;24.3R;R-EU_R0603;R0603;RESISTOR, European symbol;;;;;;;;;;0.1;;;
D3:R31;24.3R;R-EU_R0603;R0603;RESISTOR, European symbol;;;;;;;;;;0.1;;;
D3:R32;24.3R;R-EU_R0603;R0603;RESISTOR, European symbol;;;;;;;;;;0.1;;;
D3:R41;24.3R;R-EU_R0603;R0603;RESISTOR, European symbol;;;;;;;;;;0.1;;;
D3:R42;24.3R;R-EU_R0603;R0603;RESISTOR, European symbol;;;;;;;;;;0.1;;;
D4:R31;24.3R;R-EU_R0603;R0603;RESISTOR, European symbol;;;;;;;;;;0.1;;;
D4:R32;24.3R;R-EU_R0603;R0603;RESISTOR, European symbol;;;;;;;;;;0.1;;;
D4:R41;24.3R;R-EU_R0603;R0603;RESISTOR, European symbol;;;;;;;;;;0.1;;;
D4:R42;24.3R;R-EU_R0603;R0603;RESISTOR, European symbol;;;;;;;;;;0.1;;;
D5:R31;24.3R;R-EU_R0603;R0603;RESISTOR, European symbol;;;;;;;;;;0.1;;;
D5:R32;24.3R;R-EU_R0603;R0603;RESISTOR, European symbol;;;;;;;;;;0.1;;;
D5:R41;24.3R;R-EU_R0603;R0603;RESISTOR, European symbol;;;;;;;;;;0.1;;;
D5:R42;24.3R;R-EU_R0603;R0603;RESISTOR, European symbol;;;;;;;;;;0.1;;;
D6:R31;24.3R;R-EU_R0603;R0603;RESISTOR, European symbol;;;;;;;;;;0.1;;;
D6:R32;24.3R;R-EU_R0603;R0603;RESISTOR, European symbol;;;;;;;;;;0.1;;;
D6:R41;24.3R;R-EU_R0603;R0603;RESISTOR, European symbol;;;;;;;;;;0.1;;;
D6:R42;24.3R;R-EU_R0603;R0603;RESISTOR, European symbol;;;;;;;;;;0.1;;;
D7:R31;24.3R;R-EU_R0603;R0603;RESISTOR, European symbol;;;;;;;;;;0.1;;;
D7:R32;24.3R;R-EU_R0603;R0603;RESISTOR, European symbol;;;;;;;;;;0.1;;;
D7:R41;24.3R;R-EU_R0603;R0603;RESISTOR, European symbol;;;;;;;;;;0.1;;;
D7:R42;24.3R;R-EU_R0603;R0603;RESISTOR, European symbol;;;;;;;;;;0.1;;;
D8:R31;24.3R;R-EU_R0603;R0603;RESISTOR, European symbol;;;;;;;;;;0.1;;;
D8:R32;24.3R;R-EU_R0603;R0603;RESISTOR, European symbol;;;;;;;;;;0.1;;;
D8:R41;24.3R;R-EU_R0603;R0603;RESISTOR, European symbol;;;;;;;;;;0.1;;;
D8:R42;24.3R;R-EU_R0603;R0603;RESISTOR, European symbol;;;;;;;;;;0.1;;;
D9:R31;24.3R;R-EU_R0603;R0603;RESISTOR, European symbol;;;;;;;;;;0.1;;;
D9:R32;24.3R;R-EU_R0603;R0603;RESISTOR, European symbol;;;;;;;;;;0.1;;;
D9:R41;24.3R;R-EU_R0603;R0603;RESISTOR, European symbol;;;;;;;;;;0.1;;;
D9:R42;24.3R;R-EU_R0603;R0603;RESISTOR, European symbol;;;;;;;;;;0.1;;;
D10:R31;24.3R;R-EU_R0603;R0603;RESISTOR, European symbol;;;;;;;;;;0.1;;;
D10:R32;24.3R;R-EU_R0603;R0603;RESISTOR, European symbol;;;;;;;;;;0.1;;;
D10:R41;24.3R;R-EU_R0603;R0603;RESISTOR, European symbol;;;;;;;;;;0.1;;;
D10:R42;24.3R;R-EU_R0603;R0603;RESISTOR, European symbol;;;;;;;;;;0.1;;;
D11:R31;24.3R;R-EU_R0603;R0603;RESISTOR, European symbol;;;;;;;;;;0.1;;;
D11:R32;24.3R;R-EU_R0603;R0603;RESISTOR, European symbol;;;;;;;;;;0.1;;;
D11:R41;24.3R;R-EU_R0603;R0603;RESISTOR, European symbol;;;;;;;;;;0.1;;;
D11:R42;24.3R;R-EU_R0603;R0603;RESISTOR, European symbol;;;;;;;;;;0.1;;;
D12:R31;24.3R;R-EU_R0603;R0603;RESISTOR, European symbol;;;;;;;;;;0.1;;;
D12:R32;24.3R;R-EU_R0603;R0603;RESISTOR, European symbol;;;;;;;;;;0.1;;;
D12:R41;24.3R;R-EU_R0603;R0603;RESISTOR, European symbol;;;;;;;;;;0.1;;;
D12:R42;24.3R;R-EU_R0603;R0603;RESISTOR, European symbol;;;;;;;;;;0.1;;;
D13:R31;24.3R;R-EU_R0603;R0603;RESISTOR, European symbol;;;;;;;;;;0.1;;;
D13:R32;24.3R;R-EU_R0603;R0603;RESISTOR, European symbol;;;;;;;;;;0.1;;;
D13:R41;24.3R;R-EU_R0603;R0603;RESISTOR, European symbol;;;;;;;;;;0.1;;;
D13:R42;24.3R;R-EU_R0603;R0603;RESISTOR, European symbol;;;;;;;;;;0.1;;;
D14:R31;24.3R;R-EU_R0603;R0603;RESISTOR, European symbol;;;;;;;;;;0.1;;;
D14:R32;24.3R;R-EU_R0603;R0603;RESISTOR, European symbol;;;;;;;;;;0.1;;;
D14:R41;24.3R;R-EU_R0603;R0603;RESISTOR, European symbol;;;;;;;;;;0.1;;;
D14:R42;24.3R;R-EU_R0603;R0603;RESISTOR, European symbol;;;;;;;;;;0.1;;;
D15:R31;24.3R;R-EU_R0603;R0603;RESISTOR, European symbol;;;;;;;;;;0.1;;;
D15:R32;24.3R;R-EU_R0603;R0603;RESISTOR, European symbol;;;;;;;;;;0.1;;;
D15:R41;24.3R;R-EU_R0603;R0603;RESISTOR, European symbol;;;;;;;;;;0.1;;;
D15:R42;24.3R;R-EU_R0603;R0603;RESISTOR, European symbol;;;;;;;;;;0.1;;;
D16:R31;24.3R;R-EU_R0603;R0603;RESISTOR, European symbol;;;;;;;;;;0.1;;;
D16:R32;24.3R;R-EU_R0603;R0603;RESISTOR, European symbol;;;;;;;;;;0.1;;;
D16:R41;24.3R;R-EU_R0603;R0603;RESISTOR, European symbol;;;;;;;;;;0.1;;;
D16:R42;24.3R;R-EU_R0603;R0603;RESISTOR, European symbol;;;;;;;;;;0.1;;;
D17:R31;24.3R;R-EU_R0603;R0603;RESISTOR, European symbol;;;;;;;;;;0.1;;;
D17:R32;24.3R;R-EU_R0603;R0603;RESISTOR, European symbol;;;;;;;;;;0.1;;;
D17:R41;24.3R;R-EU_R0603;R0603;RESISTOR, European symbol;;;;;;;;;;0.1;;;
D17:R42;24.3R;R-EU_R0603;R0603;RESISTOR, European symbol;;;;;;;;;;0.1;;;
D18:R31;24.3R;R-EU_R0603;R0603;RESISTOR, European symbol;;;;;;;;;;0.1;;;
D18:R32;24.3R;R-EU_R0603;R0603;RESISTOR, European symbol;;;;;;;;;;0.1;;;
D18:R41;24.3R;R-EU_R0603;R0603;RESISTOR, European symbol;;;;;;;;;;0.1;;;
D18:R42;24.3R;R-EU_R0603;R0603;RESISTOR, European symbol;;;;;;;;;;0.1;;;
D19:R31;24.3R;R-EU_R0603;R0603;RESISTOR, European symbol;;;;;;;;;;0.1;;;
D19:R32;24.3R;R-EU_R0603;R0603;RESISTOR, European symbol;;;;;;;;;;0.1;;;
D19:R41;24.3R;R-EU_R0603;R0603;RESISTOR, European symbol;;;;;;;;;;0.1;;;
D19:R42;24.3R;R-EU_R0603;R0603;RESISTOR, European symbol;;;;;;;;;;0.1;;;
D20:R31;24.3R;R-EU_R0603;R0603;RESISTOR, European symbol;;;;;;;;;;0.1;;;
D20:R32;24.3R;R-EU_R0603;R0603;RESISTOR, European symbol;;;;;;;;;;0.1;;;
D20:R41;24.3R;R-EU_R0603;R0603;RESISTOR, European symbol;;;;;;;;;;0.1;;;
D20:R42;24.3R;R-EU_R0603;R0603;RESISTOR, European symbol;;;;;;;;;;0.1;;;
D21:R31;24.3R;R-EU_R0603;R0603;RESISTOR, European symbol;;;;;;;;;;0.1;;;
D21:R32;24.3R;R-EU_R0603;R0603;RESISTOR, European symbol;;;;;;;;;;0.1;;;
D21:R41;24.3R;R-EU_R0603;R0603;RESISTOR, European symbol;;;;;;;;;;0.1;;;
D21:R42;24.3R;R-EU_R0603;R0603;RESISTOR, European symbol;;;;;;;;;;0.1;;;
D22:R31;24.3R;R-EU_R0603;R0603;RESISTOR, European symbol;;;;;;;;;;0.1;;;
D22:R32;24.3R;R-EU_R0603;R0603;RESISTOR, European symbol;;;;;;;;;;0.1;;;
D22:R41;24.3R;R-EU_R0603;R0603;RESISTOR, European symbol;;;;;;;;;;0.1;;;
D22:R42;24.3R;R-EU_R0603;R0603;RESISTOR, European symbol;;;;;;;;;;0.1;;;
D23:R31;24.3R;R-EU_R0603;R0603;RESISTOR, European symbol;;;;;;;;;;0.1;;;
D23:R32;24.3R;R-EU_R0603;R0603;RESISTOR, European symbol;;;;;;;;;;0.1;;;
D23:R41;24.3R;R-EU_R0603;R0603;RESISTOR, European symbol;;;;;;;;;;0.1;;;
D23:R42;24.3R;R-EU_R0603;R0603;RESISTOR, European symbol;;;;;;;;;;0.1;;;
D24:R31;24.3R;R-EU_R0603;R0603;RESISTOR, European symbol;;;;;;;;;;0.1;;;
D24:R32;24.3R;R-EU_R0603;R0603;RESISTOR, European symbol;;;;;;;;;;0.1;;;
D24:R41;24.3R;R-EU_R0603;R0603;RESISTOR, European symbol;;;;;;;;;;0.1;;;
D24:R42;24.3R;R-EU_R0603;R0603;RESISTOR, European symbol;;;;;;;;;;0.1;;;
D25:R31;24.3R;R-EU_R0603;R0603;RESISTOR, European symbol;;;;;;;;;;0.1;;;
D25:R32;24.3R;R-EU_R0603;R0603;RESISTOR, European symbol;;;;;;;;;;0.1;;;
D25:R41;24.3R;R-EU_R0603;R0603;RESISTOR, European symbol;;;;;;;;;;0.1;;;
D25:R42;24.3R;R-EU_R0603;R0603;RESISTOR, European symbol;;;;;;;;;;0.1;;;
D26:R31;24.3R;R-EU_R0603;R0603;RESISTOR, European symbol;;;;;;;;;;0.1;;;
D26:R32;24.3R;R-EU_R0603;R0603;RESISTOR, European symbol;;;;;;;;;;0.1;;;
D26:R41;24.3R;R-EU_R0603;R0603;RESISTOR, European symbol;;;;;;;;;;0.1;;;
D26:R42;24.3R;R-EU_R0603;R0603;RESISTOR, European symbol;;;;;;;;;;0.1;;;
D27:R31;24.3R;R-EU_R0603;R0603;RESISTOR, European symbol;;;;;;;;;;0.1;;;
D27:R32;24.3R;R-EU_R0603;R0603;RESISTOR, European symbol;;;;;;;;;;0.1;;;
D27:R41;24.3R;R-EU_R0603;R0603;RESISTOR, European symbol;;;;;;;;;;0.1;;;
D27:R42;24.3R;R-EU_R0603;R0603;RESISTOR, European symbol;;;;;;;;;;0.1;;;
D28:R31;24.3R;R-EU_R0603;R0603;RESISTOR, European symbol;;;;;;;;;;0.1;;;
D28:R32;24.3R;R-EU_R0603;R0603;RESISTOR, European symbol;;;;;;;;;;0.1;;;
D28:R41;24.3R;R-EU_R0603;R0603;RESISTOR, European symbol;;;;;;;;;;0.1;;;
D28:R42;24.3R;R-EU_R0603;R0603;RESISTOR, European symbol;;;;;;;;;;0.1;;;
D29:R31;24.3R;R-EU_R0603;R0603;RESISTOR, European symbol;;;;;;;;;;0.1;;;
D29:R32;24.3R;R-EU_R0603;R0603;RESISTOR, European symbol;;;;;;;;;;0.1;;;
D29:R41;24.3R;R-EU_R0603;R0603;RESISTOR, European symbol;;;;;;;;;;0.1;;;
D29:R42;24.3R;R-EU_R0603;R0603;RESISTOR, European symbol;;;;;;;;;;0.1;;;
D30:R31;24.3R;R-EU_R0603;R0603;RESISTOR, European symbol;;;;;;;;;;0.1;;;
D30:R32;24.3R;R-EU_R0603;R0603;RESISTOR, European symbol;;;;;;;;;;0.1;;;
D30:R41;24.3R;R-EU_R0603;R0603;RESISTOR, European symbol;;;;;;;;;;0.1;;;
D30:R42;24.3R;R-EU_R0603;R0603;RESISTOR, European symbol;;;;;;;;;;0.1;;;
D31:R31;24.3R;R-EU_R0603;R0603;RESISTOR, European symbol;;;;;;;;;;0.1;;;
D31:R32;24.3R;R-EU_R0603;R0603;RESISTOR, European symbol;;;;;;;;;;0.1;;;
D31:R41;24.3R;R-EU_R0603;R0603;RESISTOR, European symbol;;;;;;;;;;0.1;;;
D31:R42;24.3R;R-EU_R0603;R0603;RESISTOR, European symbol;;;;;;;;;;0.1;;;
R2;27K;R-EU_R0402;R0402;RESISTOR, European symbol;;;;;;;;;;;;;
R15;27K;R-EU_R0402;R0402;RESISTOR, European symbol;;;;;;;;;;;;;
R30;27K;R-EU_R0402;R0402;RESISTOR, European symbol;;;;;;;;;;;;;
D0:C33;27p;C-EUC0402;C0402;CAPACITOR, European symbol;;;;;2611896;;;;;1.00%;;;
D0:C43;27p;C-EUC0402;C0402;CAPACITOR, European symbol;;;;;2611896;;;;;1.00%;;;
D1:C33;27p;C-EUC0402;C0402;CAPACITOR, European symbol;;;;;2611896;;;;;1.00%;;;
D1:C43;27p;C-EUC0402;C0402;CAPACITOR, European symbol;;;;;2611896;;;;;1.00%;;;
D2:C33;27p;C-EUC0402;C0402;CAPACITOR, European symbol;;;;;2611896;;;;;1.00%;;;
D2:C43;27p;C-EUC0402;C0402;CAPACITOR, European symbol;;;;;2611896;;;;;1.00%;;;
D3:C33;27p;C-EUC0402;C0402;CAPACITOR, European symbol;;;;;2611896;;;;;1.00%;;;
D3:C43;27p;C-EUC0402;C0402;CAPACITOR, European symbol;;;;;2611896;;;;;1.00%;;;
D4:C33;27p;C-EUC0402;C0402;CAPACITOR, European symbol;;;;;2611896;;;;;1.00%;;;
D4:C43;27p;C-EUC0402;C0402;CAPACITOR, European symbol;;;;;2611896;;;;;1.00%;;;
D5:C33;27p;C-EUC0402;C0402;CAPACITOR, European symbol;;;;;2611896;;;;;1.00%;;;
D5:C43;27p;C-EUC0402;C0402;CAPACITOR, European symbol;;;;;2611896;;;;;1.00%;;;
D6:C33;27p;C-EUC0402;C0402;CAPACITOR, European symbol;;;;;2611896;;;;;1.00%;;;
D6:C43;27p;C-EUC0402;C0402;CAPACITOR, European symbol;;;;;2611896;;;;;1.00%;;;
D7:C33;27p;C-EUC0402;C0402;CAPACITOR, European symbol;;;;;2611896;;;;;1.00%;;;
D7:C43;27p;C-EUC0402;C0402;CAPACITOR, European symbol;;;;;2611896;;;;;1.00%;;;
D8:C33;27p;C-EUC0402;C0402;CAPACITOR, European symbol;;;;;2611896;;;;;1.00%;;;
D8:C43;27p;C-EUC0402;C0402;CAPACITOR, European symbol;;;;;2611896;;;;;1.00%;;;
D9:C33;27p;C-EUC0402;C0402;CAPACITOR, European symbol;;;;;2611896;;;;;1.00%;;;
D9:C43;27p;C-EUC0402;C0402;CAPACITOR, European symbol;;;;;2611896;;;;;1.00%;;;
D10:C33;27p;C-EUC0402;C0402;CAPACITOR, European symbol;;;;;2611896;;;;;1.00%;;;
D10:C43;27p;C-EUC0402;C0402;CAPACITOR, European symbol;;;;;2611896;;;;;1.00%;;;
D11:C33;27p;C-EUC0402;C0402;CAPACITOR, European symbol;;;;;2611896;;;;;1.00%;;;
D11:C43;27p;C-EUC0402;C0402;CAPACITOR, European symbol;;;;;2611896;;;;;1.00%;;;
D12:C33;27p;C-EUC0402;C0402;CAPACITOR, European symbol;;;;;2611896;;;;;1.00%;;;
D12:C43;27p;C-EUC0402;C0402;CAPACITOR, European symbol;;;;;2611896;;;;;1.00%;;;
D13:C33;27p;C-EUC0402;C0402;CAPACITOR, European symbol;;;;;2611896;;;;;1.00%;;;
D13:C43;27p;C-EUC0402;C0402;CAPACITOR, European symbol;;;;;2611896;;;;;1.00%;;;
D14:C33;27p;C-EUC0402;C0402;CAPACITOR, European symbol;;;;;2611896;;;;;1.00%;;;
D14:C43;27p;C-EUC0402;C0402;CAPACITOR, European symbol;;;;;2611896;;;;;1.00%;;;
D15:C33;27p;C-EUC0402;C0402;CAPACITOR, European symbol;;;;;2611896;;;;;1.00%;;;
D15:C43;27p;C-EUC0402;C0402;CAPACITOR, European symbol;;;;;2611896;;;;;1.00%;;;
D16:C33;27p;C-EUC0402;C0402;CAPACITOR, European symbol;;;;;2611896;;;;;1.00%;;;
D16:C43;27p;C-EUC0402;C0402;CAPACITOR, European symbol;;;;;2611896;;;;;1.00%;;;
D17:C33;27p;C-EUC0402;C0402;CAPACITOR, European symbol;;;;;2611896;;;;;1.00%;;;
D17:C43;27p;C-EUC0402;C0402;CAPACITOR, European symbol;;;;;2611896;;;;;1.00%;;;
D18:C33;27p;C-EUC0402;C0402;CAPACITOR, European symbol;;;;;2611896;;;;;1.00%;;;
D18:C43;27p;C-EUC0402;C0402;CAPACITOR, European symbol;;;;;2611896;;;;;1.00%;;;
D19:C33;27p;C-EUC0402;C0402;CAPACITOR, European symbol;;;;;2611896;;;;;1.00%;;;
D19:C43;27p;C-EUC0402;C0402;CAPACITOR, European symbol;;;;;2611896;;;;;1.00%;;;
D20:C33;27p;C-EUC0402;C0402;CAPACITOR, European symbol;;;;;2611896;;;;;1.00%;;;
D20:C43;27p;C-EUC0402;C0402;CAPACITOR, European symbol;;;;;2611896;;;;;1.00%;;;
D21:C33;27p;C-EUC0402;C0402;CAPACITOR, European symbol;;;;;2611896;;;;;1.00%;;;
D21:C43;27p;C-EUC0402;C0402;CAPACITOR, European symbol;;;;;2611896;;;;;1.00%;;;
D22:C33;27p;C-EUC0402;C0402;CAPACITOR, European symbol;;;;;2611896;;;;;1.00%;;;
D22:C43;27p;C-EUC0402;C0402;CAPACITOR, European symbol;;;;;2611896;;;;;1.00%;;;
D23:C33;27p;C-EUC0402;C0402;CAPACITOR, European symbol;;;;;2611896;;;;;1.00%;;;
D23:C43;27p;C-EUC0402;C0402;CAPACITOR, European symbol;;;;;2611896;;;;;1.00%;;;
D24:C33;27p;C-EUC0402;C0402;CAPACITOR, European symbol;;;;;2611896;;;;;1.00%;;;
D24:C43;27p;C-EUC0402;C0402;CAPACITOR, European symbol;;;;;2611896;;;;;1.00%;;;
D25:C33;27p;C-EUC0402;C0402;CAPACITOR, European symbol;;;;;2611896;;;;;1.00%;;;
D25:C43;27p;C-EUC0402;C0402;CAPACITOR, European symbol;;;;;2611896;;;;;1.00%;;;
D26:C33;27p;C-EUC0402;C0402;CAPACITOR, European symbol;;;;;2611896;;;;;1.00%;;;
D26:C43;27p;C-EUC0402;C0402;CAPACITOR, European symbol;;;;;2611896;;;;;1.00%;;;
D27:C33;27p;C-EUC0402;C0402;CAPACITOR, European symbol;;;;;2611896;;;;;1.00%;;;
D27:C43;27p;C-EUC0402;C0402;CAPACITOR, European symbol;;;;;2611896;;;;;1.00%;;;
D28:C33;27p;C-EUC0402;C0402;CAPACITOR, European symbol;;;;;2611896;;;;;1.00%;;;
D28:C43;27p;C-EUC0402;C0402;CAPACITOR, European symbol;;;;;2611896;;;;;1.00%;;;
D29:C33;27p;C-EUC0402;C0402;CAPACITOR, European symbol;;;;;2611896;;;;;1.00%;;;
D29:C43;27p;C-EUC0402;C0402;CAPACITOR, European symbol;;;;;2611896;;;;;1.00%;;;
D30:C33;27p;C-EUC0402;C0402;CAPACITOR, European symbol;;;;;2611896;;;;;1.00%;;;
D30:C43;27p;C-EUC0402;C0402;CAPACITOR, European symbol;;;;;2611896;;;;;1.00%;;;
D31:C33;27p;C-EUC0402;C0402;CAPACITOR, European symbol;;;;;2611896;;;;;1.00%;;;
D31:C43;27p;C-EUC0402;C0402;CAPACITOR, European symbol;;;;;2611896;;;;;1.00%;;;
R19;2K4;R-EU_R0402;R0402;RESISTOR, European symbol;;;;;;;;;;;;;
D0:R33;2K7;R-EU_R0603;R0603;RESISTOR, European symbol;;;;;;;;;;0.1;;;
D0:R43;2K7;R-EU_R0603;R0603;RESISTOR, European symbol;;;;;;;;;;0.1;;;
D1:R33;2K7;R-EU_R0603;R0603;RESISTOR, European symbol;;;;;;;;;;0.1;;;
D1:R43;2K7;R-EU_R0603;R0603;RESISTOR, European symbol;;;;;;;;;;0.1;;;
D2:R33;2K7;R-EU_R0603;R0603;RESISTOR, European symbol;;;;;;;;;;0.1;;;
D2:R43;2K7;R-EU_R0603;R0603;RESISTOR, European symbol;;;;;;;;;;0.1;;;
D3:R33;2K7;R-EU_R0603;R0603;RESISTOR, European symbol;;;;;;;;;;0.1;;;
D3:R43;2K7;R-EU_R0603;R0603;RESISTOR, European symbol;;;;;;;;;;0.1;;;
D4:R33;2K7;R-EU_R0603;R0603;RESISTOR, European symbol;;;;;;;;;;0.1;;;
D4:R43;2K7;R-EU_R0603;R0603;RESISTOR, European symbol;;;;;;;;;;0.1;;;
D5:R33;2K7;R-EU_R0603;R0603;RESISTOR, European symbol;;;;;;;;;;0.1;;;
D5:R43;2K7;R-EU_R0603;R0603;RESISTOR, European symbol;;;;;;;;;;0.1;;;
D6:R33;2K7;R-EU_R0603;R0603;RESISTOR, European symbol;;;;;;;;;;0.1;;;
D6:R43;2K7;R-EU_R0603;R0603;RESISTOR, European symbol;;;;;;;;;;0.1;;;
D7:R33;2K7;R-EU_R0603;R0603;RESISTOR, European symbol;;;;;;;;;;0.1;;;
D7:R43;2K7;R-EU_R0603;R0603;RESISTOR, European symbol;;;;;;;;;;0.1;;;
D8:R33;2K7;R-EU_R0603;R0603;RESISTOR, European symbol;;;;;;;;;;0.1;;;
D8:R43;2K7;R-EU_R0603;R0603;RESISTOR, European symbol;;;;;;;;;;0.1;;;
D9:R33;2K7;R-EU_R0603;R0603;RESISTOR, European symbol;;;;;;;;;;0.1;;;
D9:R43;2K7;R-EU_R0603;R0603;RESISTOR, European symbol;;;;;;;;;;0.1;;;
D10:R33;2K7;R-EU_R0603;R0603;RESISTOR, European symbol;;;;;;;;;;0.1;;;
D10:R43;2K7;R-EU_R0603;R0603;RESISTOR, European symbol;;;;;;;;;;0.1;;;
D11:R33;2K7;R-EU_R0603;R0603;RESISTOR, European symbol;;;;;;;;;;0.1;;;
D11:R43;2K7;R-EU_R0603;R0603;RESISTOR, European symbol;;;;;;;;;;0.1;;;
D12:R33;2K7;R-EU_R0603;R0603;RESISTOR, European symbol;;;;;;;;;;0.1;;;
D12:R43;2K7;R-EU_R0603;R0603;RESISTOR, European symbol;;;;;;;;;;0.1;;;
D13:R33;2K7;R-EU_R0603;R0603;RESISTOR, European symbol;;;;;;;;;;0.1;;;
D13:R43;2K7;R-EU_R0603;R0603;RESISTOR, European symbol;;;;;;;;;;0.1;;;
D14:R33;2K7;R-EU_R0603;R0603;RESISTOR, European symbol;;;;;;;;;;0.1;;;
D14:R43;2K7;R-EU_R0603;R0603;RESISTOR, European symbol;;;;;;;;;;0.1;;;
D15:R33;2K7;R-EU_R0603;R0603;RESISTOR, European symbol;;;;;;;;;;0.1;;;
D15:R43;2K7;R-EU_R0603;R0603;RESISTOR, European symbol;;;;;;;;;;0.1;;;
D16:R33;2K7;R-EU_R0603;R0603;RESISTOR, European symbol;;;;;;;;;;0.1;;;
D16:R43;2K7;R-EU_R0603;R0603;RESISTOR, European symbol;;;;;;;;;;0.1;;;
D17:R33;2K7;R-EU_R0603;R0603;RESISTOR, European symbol;;;;;;;;;;0.1;;;
D17:R43;2K7;R-EU_R0603;R0603;RESISTOR, European symbol;;;;;;;;;;0.1;;;
D18:R33;2K7;R-EU_R0603;R0603;RESISTOR, European symbol;;;;;;;;;;0.1;;;
D18:R43;2K7;R-EU_R0603;R0603;RESISTOR, European symbol;;;;;;;;;;0.1;;;
D19:R33;2K7;R-EU_R0603;R0603;RESISTOR, European symbol;;;;;;;;;;0.1;;;
D19:R43;2K7;R-EU_R0603;R0603;RESISTOR, European symbol;;;;;;;;;;0.1;;;
D20:R33;2K7;R-EU_R0603;R0603;RESISTOR, European symbol;;;;;;;;;;0.1;;;
D20:R43;2K7;R-EU_R0603;R0603;RESISTOR, European symbol;;;;;;;;;;0.1;;;
D21:R33;2K7;R-EU_R0603;R0603;RESISTOR, European symbol;;;;;;;;;;0.1;;;
D21:R43;2K7;R-EU_R0603;R0603;RESISTOR, European symbol;;;;;;;;;;0.1;;;
D22:R33;2K7;R-EU_R0603;R0603;RESISTOR, European symbol;;;;;;;;;;0.1;;;
D22:R43;2K7;R-EU_R0603;R0603;RESISTOR, European symbol;;;;;;;;;;0.1;;;
D23:R33;2K7;R-EU_R0603;R0603;RESISTOR, European symbol;;;;;;;;;;0.1;;;
D23:R43;2K7;R-EU_R0603;R0603;RESISTOR, European symbol;;;;;;;;;;0.1;;;
D24:R33;2K7;R-EU_R0603;R0603;RESISTOR, European symbol;;;;;;;;;;0.1;;;
D24:R43;2K7;R-EU_R0603;R0603;RESISTOR, European symbol;;;;;;;;;;0.1;;;
D25:R33;2K7;R-EU_R0603;R0603;RESISTOR, European symbol;;;;;;;;;;0.1;;;
D25:R43;2K7;R-EU_R0603;R0603;RESISTOR, European symbol;;;;;;;;;;0.1;;;
D26:R33;2K7;R-EU_R0603;R0603;RESISTOR, European symbol;;;;;;;;;;0.1;;;
D26:R43;2K7;R-EU_R0603;R0603;RESISTOR, European symbol;;;;;;;;;;0.1;;;
D27:R33;2K7;R-EU_R0603;R0603;RESISTOR, European symbol;;;;;;;;;;0.1;;;
D27:R43;2K7;R-EU_R0603;R0603;RESISTOR, European symbol;;;;;;;;;;0.1;;;
D28:R33;2K7;R-EU_R0603;R0603;RESISTOR, European symbol;;;;;;;;;;0.1;;;
D28:R43;2K7;R-EU_R0603;R0603;RESISTOR, European symbol;;;;;;;;;;0.1;;;
D29:R33;2K7;R-EU_R0603;R0603;RESISTOR, European symbol;;;;;;;;;;0.1;;;
D29:R43;2K7;R-EU_R0603;R0603;RESISTOR, European symbol;;;;;;;;;;0.1;;;
D30:R33;2K7;R-EU_R0603;R0603;RESISTOR, European symbol;;;;;;;;;;0.1;;;
D30:R43;2K7;R-EU_R0603;R0603;RESISTOR, European symbol;;;;;;;;;;0.1;;;
D31:R33;2K7;R-EU_R0603;R0603;RESISTOR, European symbol;;;;;;;;;;0.1;;;
D31:R43;2K7;R-EU_R0603;R0603;RESISTOR, European symbol;;;;;;;;;;0.1;;;
D34;3.3V;UDZVF;SOD323F_ROHM;ROHM zener diodes  UDZVF series;;50mA;;UDZVFHTE-173.3B;2528863;;200mW;;ROHM;;;;
R14;3K3;R-EU_R0402;R0402;RESISTOR, European symbol;;;;;;;;;;;;;
R20;3K3;R-EU_R0402;R0402;RESISTOR, European symbol;;;;;;;;;;;;;
R34;3K3;R-EU_R0402;R0402;RESISTOR, European symbol;;;;;;;;;;;;;
R37;3K3;R-EU_R0402;R0402;RESISTOR, European symbol;;;;;;;;;;;;;
R47;3K3;R-EU_R0402;R0402;RESISTOR, European symbol;;;;;;;;;;;;;
R48;3K3;R-EU_R0402;R0402;RESISTOR, European symbol;;;;;;;;;;;;;
R49;3K3;R-EU_R0402;R0402;RESISTOR, European symbol;;;;;;;;;;;;;
R51;3K3;R-EU_R0402;R0402;RESISTOR, European symbol;;;;;;;;;;;;;
D0:C31;4.7n;C-EUC0603;C0603;CAPACITOR, European symbol;;;;;;;;;;;;;100V
D0:C41;4.7n;C-EUC0603;C0603;CAPACITOR, European symbol;;;;;;;;;;;;;100V
D1:C31;4.7n;C-EUC0603;C0603;CAPACITOR, European symbol;;;;;;;;;;;;;100V
D1:C41;4.7n;C-EUC0603;C0603;CAPACITOR, European symbol;;;;;;;;;;;;;100V
D2:C31;4.7n;C-EUC0603;C0603;CAPACITOR, European symbol;;;;;;;;;;;;;100V
D2:C41;4.7n;C-EUC0603;C0603;CAPACITOR, European symbol;;;;;;;;;;;;;100V
D3:C31;4.7n;C-EUC0603;C0603;CAPACITOR, European symbol;;;;;;;;;;;;;100V
D3:C41;4.7n;C-EUC0603;C0603;CAPACITOR, European symbol;;;;;;;;;;;;;100V
D4:C31;4.7n;C-EUC0603;C0603;CAPACITOR, European symbol;;;;;;;;;;;;;100V
D4:C41;4.7n;C-EUC0603;C0603;CAPACITOR, European symbol;;;;;;;;;;;;;100V
D5:C31;4.7n;C-EUC0603;C0603;CAPACITOR, European symbol;;;;;;;;;;;;;100V
D5:C41;4.7n;C-EUC0603;C0603;CAPACITOR, European symbol;;;;;;;;;;;;;100V
D6:C31;4.7n;C-EUC0603;C0603;CAPACITOR, European symbol;;;;;;;;;;;;;100V
D6:C41;4.7n;C-EUC0603;C0603;CAPACITOR, European symbol;;;;;;;;;;;;;100V
D7:C31;4.7n;C-EUC0603;C0603;CAPACITOR, European symbol;;;;;;;;;;;;;100V
D7:C41;4.7n;C-EUC0603;C0603;CAPACITOR, European symbol;;;;;;;;;;;;;100V
D8:C31;4.7n;C-EUC0603;C0603;CAPACITOR, European symbol;;;;;;;;;;;;;100V
D8:C41;4.7n;C-EUC0603;C0603;CAPACITOR, European symbol;;;;;;;;;;;;;100V
D9:C31;4.7n;C-EUC0603;C0603;CAPACITOR, European symbol;;;;;;;;;;;;;100V
D9:C41;4.7n;C-EUC0603;C0603;CAPACITOR, European symbol;;;;;;;;;;;;;100V
D10:C31;4.7n;C-EUC0603;C0603;CAPACITOR, European symbol;;;;;;;;;;;;;100V
D10:C41;4.7n;C-EUC0603;C0603;CAPACITOR, European symbol;;;;;;;;;;;;;100V
D11:C31;4.7n;C-EUC0603;C0603;CAPACITOR, European symbol;;;;;;;;;;;;;100V
D11:C41;4.7n;C-EUC0603;C0603;CAPACITOR, European symbol;;;;;;;;;;;;;100V
D12:C31;4.7n;C-EUC0603;C0603;CAPACITOR, European symbol;;;;;;;;;;;;;100V
D12:C41;4.7n;C-EUC0603;C0603;CAPACITOR, European symbol;;;;;;;;;;;;;100V
D13:C31;4.7n;C-EUC0603;C0603;CAPACITOR, European symbol;;;;;;;;;;;;;100V
D13:C41;4.7n;C-EUC0603;C0603;CAPACITOR, European symbol;;;;;;;;;;;;;100V
D14:C31;4.7n;C-EUC0603;C0603;CAPACITOR, European symbol;;;;;;;;;;;;;100V
D14:C41;4.7n;C-EUC0603;C0603;CAPACITOR, European symbol;;;;;;;;;;;;;100V
D15:C31;4.7n;C-EUC0603;C0603;CAPACITOR, European symbol;;;;;;;;;;;;;100V
D15:C41;4.7n;C-EUC0603;C0603;CAPACITOR, European symbol;;;;;;;;;;;;;100V
D16:C31;4.7n;C-EUC0603;C0603;CAPACITOR, European symbol;;;;;;;;;;;;;100V
D16:C41;4.7n;C-EUC0603;C0603;CAPACITOR, European symbol;;;;;;;;;;;;;100V
D17:C31;4.7n;C-EUC0603;C0603;CAPACITOR, European symbol;;;;;;;;;;;;;100V
D17:C41;4.7n;C-EUC0603;C0603;CAPACITOR, European symbol;;;;;;;;;;;;;100V
D18:C31;4.7n;C-EUC0603;C0603;CAPACITOR, European symbol;;;;;;;;;;;;;100V
D18:C41;4.7n;C-EUC0603;C0603;CAPACITOR, European symbol;;;;;;;;;;;;;100V
D19:C31;4.7n;C-EUC0603;C0603;CAPACITOR, European symbol;;;;;;;;;;;;;100V
D19:C41;4.7n;C-EUC0603;C0603;CAPACITOR, European symbol;;;;;;;;;;;;;100V
D20:C31;4.7n;C-EUC0603;C0603;CAPACITOR, European symbol;;;;;;;;;;;;;100V
D20:C41;4.7n;C-EUC0603;C0603;CAPACITOR, European symbol;;;;;;;;;;;;;100V
D21:C31;4.7n;C-EUC0603;C0603;CAPACITOR, European symbol;;;;;;;;;;;;;100V
D21:C41;4.7n;C-EUC0603;C0603;CAPACITOR, European symbol;;;;;;;;;;;;;100V
D22:C31;4.7n;C-EUC0603;C0603;CAPACITOR, European symbol;;;;;;;;;;;;;100V
D22:C41;4.7n;C-EUC0603;C0603;CAPACITOR, European symbol;;;;;;;;;;;;;100V
D23:C31;4.7n;C-EUC0603;C0603;CAPACITOR, European symbol;;;;;;;;;;;;;100V
D23:C41;4.7n;C-EUC0603;C0603;CAPACITOR, European symbol;;;;;;;;;;;;;100V
D24:C31;4.7n;C-EUC0603;C0603;CAPACITOR, European symbol;;;;;;;;;;;;;100V
D24:C41;4.7n;C-EUC0603;C0603;CAPACITOR, European symbol;;;;;;;;;;;;;100V
D25:C31;4.7n;C-EUC0603;C0603;CAPACITOR, European symbol;;;;;;;;;;;;;100V
D25:C41;4.7n;C-EUC0603;C0603;CAPACITOR, European symbol;;;;;;;;;;;;;100V
D26:C31;4.7n;C-EUC0603;C0603;CAPACITOR, European symbol;;;;;;;;;;;;;100V
D26:C41;4.7n;C-EUC0603;C0603;CAPACITOR, European symbol;;;;;;;;;;;;;100V
D27:C31;4.7n;C-EUC0603;C0603;CAPACITOR, European symbol;;;;;;;;;;;;;100V
D27:C41;4.7n;C-EUC0603;C0603;CAPACITOR, European symbol;;;;;;;;;;;;;100V
D28:C31;4.7n;C-EUC0603;C0603;CAPACITOR, European symbol;;;;;;;;;;;;;100V
D28:C41;4.7n;C-EUC0603;C0603;CAPACITOR, European symbol;;;;;;;;;;;;;100V
D29:C31;4.7n;C-EUC0603;C0603;CAPACITOR, European symbol;;;;;;;;;;;;;100V
D29:C41;4.7n;C-EUC0603;C0603;CAPACITOR, European symbol;;;;;;;;;;;;;100V
D30:C31;4.7n;C-EUC0603;C0603;CAPACITOR, European symbol;;;;;;;;;;;;;100V
D30:C41;4.7n;C-EUC0603;C0603;CAPACITOR, European symbol;;;;;;;;;;;;;100V
D31:C31;4.7n;C-EUC0603;C0603;CAPACITOR, European symbol;;;;;;;;;;;;;100V
D31:C41;4.7n;C-EUC0603;C0603;CAPACITOR, European symbol;;;;;;;;;;;;;100V
D0:R50;470R;R-EU_R0402;R0402;RESISTOR, European symbol;;;;;;;;;;;;;
D1:R50;470R;R-EU_R0402;R0402;RESISTOR, European symbol;;;;;;;;;;;;;
D2:R50;470R;R-EU_R0402;R0402;RESISTOR, European symbol;;;;;;;;;;;;;
D3:R50;470R;R-EU_R0402;R0402;RESISTOR, European symbol;;;;;;;;;;;;;
D4:R50;470R;R-EU_R0402;R0402;RESISTOR, European symbol;;;;;;;;;;;;;
D5:R50;470R;R-EU_R0402;R0402;RESISTOR, European symbol;;;;;;;;;;;;;
D6:R50;470R;R-EU_R0402;R0402;RESISTOR, European symbol;;;;;;;;;;;;;
D7:R50;470R;R-EU_R0402;R0402;RESISTOR, European symbol;;;;;;;;;;;;;
D8:R50;470R;R-EU_R0402;R0402;RESISTOR, European symbol;;;;;;;;;;;;;
D9:R50;470R;R-EU_R0402;R0402;RESISTOR, European symbol;;;;;;;;;;;;;
D10:R50;470R;R-EU_R0402;R0402;RESISTOR, European symbol;;;;;;;;;;;;;
D11:R50;470R;R-EU_R0402;R0402;RESISTOR, European symbol;;;;;;;;;;;;;
D12:R50;470R;R-EU_R0402;R0402;RESISTOR, European symbol;;;;;;;;;;;;;
D13:R50;470R;R-EU_R0402;R0402;RESISTOR, European symbol;;;;;;;;;;;;;
D14:R50;470R;R-EU_R0402;R0402;RESISTOR, European symbol;;;;;;;;;;;;;
D15:R50;470R;R-EU_R0402;R0402;RESISTOR, European symbol;;;;;;;;;;;;;
D16:R50;470R;R-EU_R0402;R0402;RESISTOR, European symbol;;;;;;;;;;;;;
D17:R50;470R;R-EU_R0402;R0402;RESISTOR, European symbol;;;;;;;;;;;;;
D18:R50;470R;R-EU_R0402;R0402;RESISTOR, European symbol;;;;;;;;;;;;;
D19:R50;470R;R-EU_R0402;R0402;RESISTOR, European symbol;;;;;;;;;;;;;
D20:R50;470R;R-EU_R0402;R0402;RESISTOR, European symbol;;;;;;;;;;;;;
D21:R50;470R;R-EU_R0402;R0402;RESISTOR, European symbol;;;;;;;;;;;;;
D22:R50;470R;R-EU_R0402;R0402;RESISTOR, European symbol;;;;;;;;;;;;;
D23:R50;470R;R-EU_R0402;R0402;RESISTOR, European symbol;;;;;;;;;;;;;
D24:R50;470R;R-EU_R0402;R0402;RESISTOR, European symbol;;;;;;;;;;;;;
D25:R50;470R;R-EU_R0402;R0402;RESISTOR, European symbol;;;;;;;;;;;;;
D26:R50;470R;R-EU_R0402;R0402;RESISTOR, European symbol;;;;;;;;;;;;;
D27:R50;470R;R-EU_R0402;R0402;RESISTOR, European symbol;;;;;;;;;;;;;
D28:R50;470R;R-EU_R0402;R0402;RESISTOR, European symbol;;;;;;;;;;;;;
D29:R50;470R;R-EU_R0402;R0402;RESISTOR, European symbol;;;;;;;;;;;;;
D30:R50;470R;R-EU_R0402;R0402;RESISTOR, European symbol;;;;;;;;;;;;;
D31:R50;470R;R-EU_R0402;R0402;RESISTOR, European symbol;;;;;;;;;;;;;
R5;4K7;R-EU_R0402;R0402;RESISTOR, European symbol;;;;;;;;;;;;;
R7;4K7;R-EU_R0402;R0402;RESISTOR, European symbol;;;;;;;;;;;;;
R11;4K7;R-EU_R0402;R0402;RESISTOR, European symbol;;;;;;;;;;;;;
R12;4K7;R-EU_R0402;R0402;RESISTOR, European symbol;;;;;;;;;;;;;
R13;4K7;R-EU_R0402;R0402;RESISTOR, European symbol;;;;;;;;;;;;;
R22;4K7;R-EU_R0402;R0402;RESISTOR, European symbol;;;;;;;;;;;;;
R25;4K7;R-EU_R0402;R0402;RESISTOR, European symbol;;;;;;;;;;;;;
R29;4K7;R-EU_R0402;R0402;RESISTOR, European symbol;;;;;;;;;;;;;
R32;4K7;R-EU_R0402;R0402;RESISTOR, European symbol;;;;;;;;;;;;;
R36;4K7;R-EU_R0402;R0402;RESISTOR, European symbol;;;;;;;;;;;;;
R41;4K7;R-EU_R0402;R0402;RESISTOR, European symbol;;;;;;;;;;;;;
R44;4K7;R-EU_R0402;R0402;RESISTOR, European symbol;;;;;;;;;;;;;
R46;4K7;R-EU_R0402;R0402;RESISTOR, European symbol;;;;;;;;;;;;;
F2;750mA F;FUSEFUSE750MA;FUSE1206;;;;;3413.0114.22;7785720;;;;SCHURTER;;125;125;
F3;750mA F;FUSEFUSE750MA;FUSE1206;;;;;3413.0114.22;7785720;;;;SCHURTER;;125;125;
D0:U1;AD8132ARZMSOP;AD8132ARZMSOP;SOP65P490X110-8N;Low Cost, High Speed Differential Amplifier;AD8132WARMZ;;;AD8132ARMZ;1660958;;;;AD;;;;
D1:U1;AD8132ARZMSOP;AD8132ARZMSOP;SOP65P490X110-8N;Low Cost, High Speed Differential Amplifier;AD8132WARMZ;;;AD8132ARMZ;1660958;;;;AD;;;;
D2:U1;AD8132ARZMSOP;AD8132ARZMSOP;SOP65P490X110-8N;Low Cost, High Speed Differential Amplifier;AD8132WARMZ;;;AD8132ARMZ;1660958;;;;AD;;;;
D3:U1;AD8132ARZMSOP;AD8132ARZMSOP;SOP65P490X110-8N;Low Cost, High Speed Differential Amplifier;AD8132WARMZ;;;AD8132ARMZ;1660958;;;;AD;;;;
D4:U1;AD8132ARZMSOP;AD8132ARZMSOP;SOP65P490X110-8N;Low Cost, High Speed Differential Amplifier;AD8132WARMZ;;;AD8132ARMZ;1660958;;;;AD;;;;
D5:U1;AD8132ARZMSOP;AD8132ARZMSOP;SOP65P490X110-8N;Low Cost, High Speed Differential Amplifier;AD8132WARMZ;;;AD8132ARMZ;1660958;;;;AD;;;;
D6:U1;AD8132ARZMSOP;AD8132ARZMSOP;SOP65P490X110-8N;Low Cost, High Speed Differential Amplifier;AD8132WARMZ;;;AD8132ARMZ;1660958;;;;AD;;;;
D7:U1;AD8132ARZMSOP;AD8132ARZMSOP;SOP65P490X110-8N;Low Cost, High Speed Differential Amplifier;AD8132WARMZ;;;AD8132ARMZ;1660958;;;;AD;;;;
D8:U1;AD8132ARZMSOP;AD8132ARZMSOP;SOP65P490X110-8N;Low Cost, High Speed Differential Amplifier;AD8132WARMZ;;;AD8132ARMZ;1660958;;;;AD;;;;
D9:U1;AD8132ARZMSOP;AD8132ARZMSOP;SOP65P490X110-8N;Low Cost, High Speed Differential Amplifier;AD8132WARMZ;;;AD8132ARMZ;1660958;;;;AD;;;;
D10:U1;AD8132ARZMSOP;AD8132ARZMSOP;SOP65P490X110-8N;Low Cost, High Speed Differential Amplifier;AD8132WARMZ;;;AD8132ARMZ;1660958;;;;AD;;;;
D11:U1;AD8132ARZMSOP;AD8132ARZMSOP;SOP65P490X110-8N;Low Cost, High Speed Differential Amplifier;AD8132WARMZ;;;AD8132ARMZ;1660958;;;;AD;;;;
D12:U1;AD8132ARZMSOP;AD8132ARZMSOP;SOP65P490X110-8N;Low Cost, High Speed Differential Amplifier;AD8132WARMZ;;;AD8132ARMZ;1660958;;;;AD;;;;
D13:U1;AD8132ARZMSOP;AD8132ARZMSOP;SOP65P490X110-8N;Low Cost, High Speed Differential Amplifier;AD8132WARMZ;;;AD8132ARMZ;1660958;;;;AD;;;;
D14:U1;AD8132ARZMSOP;AD8132ARZMSOP;SOP65P490X110-8N;Low Cost, High Speed Differential Amplifier;AD8132WARMZ;;;AD8132ARMZ;1660958;;;;AD;;;;
D15:U1;AD8132ARZMSOP;AD8132ARZMSOP;SOP65P490X110-8N;Low Cost, High Speed Differential Amplifier;AD8132WARMZ;;;AD8132ARMZ;1660958;;;;AD;;;;
D16:U1;AD8132ARZMSOP;AD8132ARZMSOP;SOP65P490X110-8N;Low Cost, High Speed Differential Amplifier;AD8132WARMZ;;;AD8132ARMZ;1660958;;;;AD;;;;
D17:U1;AD8132ARZMSOP;AD8132ARZMSOP;SOP65P490X110-8N;Low Cost, High Speed Differential Amplifier;AD8132WARMZ;;;AD8132ARMZ;1660958;;;;AD;;;;
D18:U1;AD8132ARZMSOP;AD8132ARZMSOP;SOP65P490X110-8N;Low Cost, High Speed Differential Amplifier;AD8132WARMZ;;;AD8132ARMZ;1660958;;;;AD;;;;
D19:U1;AD8132ARZMSOP;AD8132ARZMSOP;SOP65P490X110-8N;Low Cost, High Speed Differential Amplifier;AD8132WARMZ;;;AD8132ARMZ;1660958;;;;AD;;;;
D20:U1;AD8132ARZMSOP;AD8132ARZMSOP;SOP65P490X110-8N;Low Cost, High Speed Differential Amplifier;AD8132WARMZ;;;AD8132ARMZ;1660958;;;;AD;;;;
D21:U1;AD8132ARZMSOP;AD8132ARZMSOP;SOP65P490X110-8N;Low Cost, High Speed Differential Amplifier;AD8132WARMZ;;;AD8132ARMZ;1660958;;;;AD;;;;
D22:U1;AD8132ARZMSOP;AD8132ARZMSOP;SOP65P490X110-8N;Low Cost, High Speed Differential Amplifier;AD8132WARMZ;;;AD8132ARMZ;1660958;;;;AD;;;;
D23:U1;AD8132ARZMSOP;AD8132ARZMSOP;SOP65P490X110-8N;Low Cost, High Speed Differential Amplifier;AD8132WARMZ;;;AD8132ARMZ;1660958;;;;AD;;;;
D24:U1;AD8132ARZMSOP;AD8132ARZMSOP;SOP65P490X110-8N;Low Cost, High Speed Differential Amplifier;AD8132WARMZ;;;AD8132ARMZ;1660958;;;;AD;;;;
D25:U1;AD8132ARZMSOP;AD8132ARZMSOP;SOP65P490X110-8N;Low Cost, High Speed Differential Amplifier;AD8132WARMZ;;;AD8132ARMZ;1660958;;;;AD;;;;
D26:U1;AD8132ARZMSOP;AD8132ARZMSOP;SOP65P490X110-8N;Low Cost, High Speed Differential Amplifier;AD8132WARMZ;;;AD8132ARMZ;1660958;;;;AD;;;;
D27:U1;AD8132ARZMSOP;AD8132ARZMSOP;SOP65P490X110-8N;Low Cost, High Speed Differential Amplifier;AD8132WARMZ;;;AD8132ARMZ;1660958;;;;AD;;;;
D28:U1;AD8132ARZMSOP;AD8132ARZMSOP;SOP65P490X110-8N;Low Cost, High Speed Differential Amplifier;AD8132WARMZ;;;AD8132ARMZ;1660958;;;;AD;;;;
D29:U1;AD8132ARZMSOP;AD8132ARZMSOP;SOP65P490X110-8N;Low Cost, High Speed Differential Amplifier;AD8132WARMZ;;;AD8132ARMZ;1660958;;;;AD;;;;
D30:U1;AD8132ARZMSOP;AD8132ARZMSOP;SOP65P490X110-8N;Low Cost, High Speed Differential Amplifier;AD8132WARMZ;;;AD8132ARMZ;1660958;;;;AD;;;;
D31:U1;AD8132ARZMSOP;AD8132ARZMSOP;SOP65P490X110-8N;Low Cost, High Speed Differential Amplifier;AD8132WARMZ;;;AD8132ARMZ;1660958;;;;AD;;;;
U3;ADL5317;ADL5317_;LFCSP_LQ-16;APD voltage regulator;;;;ADL5317ACPZ;2462433;;;;;;;;
U20;AT30TSE752-XM8-B;AT30TSE752-XM8-B;SOP65P490X110-8N;SENSOR, TEMP, 9-12BIT, 2KB EEPROM, MSOP-8;;;;AT30TSE752-XM8-B;2115206;Unknown;;;ATMEL;;;;
D0:D31;DB3S308F0L;DB3S308F;SOT490;;;75mA;;DB3S308F0L;2284977;;;;PANASONIC;;;;
D0:D41;DB3S308F0L;DB3S308F;SOT490;;;75mA;;DB3S308F0L;2284977;;;;PANASONIC;;;;
D1:D31;DB3S308F0L;DB3S308F;SOT490;;;75mA;;DB3S308F0L;2284977;;;;PANASONIC;;;;
D1:D41;DB3S308F0L;DB3S308F;SOT490;;;75mA;;DB3S308F0L;2284977;;;;PANASONIC;;;;
D2:D31;DB3S308F0L;DB3S308F;SOT490;;;75mA;;DB3S308F0L;2284977;;;;PANASONIC;;;;
D2:D41;DB3S308F0L;DB3S308F;SOT490;;;75mA;;DB3S308F0L;2284977;;;;PANASONIC;;;;
D3:D31;DB3S308F0L;DB3S308F;SOT490;;;75mA;;DB3S308F0L;2284977;;;;PANASONIC;;;;
D3:D41;DB3S308F0L;DB3S308F;SOT490;;;75mA;;DB3S308F0L;2284977;;;;PANASONIC;;;;
D4:D31;DB3S308F0L;DB3S308F;SOT490;;;75mA;;DB3S308F0L;2284977;;;;PANASONIC;;;;
D4:D41;DB3S308F0L;DB3S308F;SOT490;;;75mA;;DB3S308F0L;2284977;;;;PANASONIC;;;;
D5:D31;DB3S308F0L;DB3S308F;SOT490;;;75mA;;DB3S308F0L;2284977;;;;PANASONIC;;;;
D5:D41;DB3S308F0L;DB3S308F;SOT490;;;75mA;;DB3S308F0L;2284977;;;;PANASONIC;;;;
D6:D31;DB3S308F0L;DB3S308F;SOT490;;;75mA;;DB3S308F0L;2284977;;;;PANASONIC;;;;
D6:D41;DB3S308F0L;DB3S308F;SOT490;;;75mA;;DB3S308F0L;2284977;;;;PANASONIC;;;;
D7:D31;DB3S308F0L;DB3S308F;SOT490;;;75mA;;DB3S308F0L;2284977;;;;PANASONIC;;;;
D7:D41;DB3S308F0L;DB3S308F;SOT490;;;75mA;;DB3S308F0L;2284977;;;;PANASONIC;;;;
D8:D31;DB3S308F0L;DB3S308F;SOT490;;;75mA;;DB3S308F0L;2284977;;;;PANASONIC;;;;
D8:D41;DB3S308F0L;DB3S308F;SOT490;;;75mA;;DB3S308F0L;2284977;;;;PANASONIC;;;;
D9:D31;DB3S308F0L;DB3S308F;SOT490;;;75mA;;DB3S308F0L;2284977;;;;PANASONIC;;;;
D9:D41;DB3S308F0L;DB3S308F;SOT490;;;75mA;;DB3S308F0L;2284977;;;;PANASONIC;;;;
D10:D31;DB3S308F0L;DB3S308F;SOT490;;;75mA;;DB3S308F0L;2284977;;;;PANASONIC;;;;
D10:D41;DB3S308F0L;DB3S308F;SOT490;;;75mA;;DB3S308F0L;2284977;;;;PANASONIC;;;;
D11:D31;DB3S308F0L;DB3S308F;SOT490;;;75mA;;DB3S308F0L;2284977;;;;PANASONIC;;;;
D11:D41;DB3S308F0L;DB3S308F;SOT490;;;75mA;;DB3S308F0L;2284977;;;;PANASONIC;;;;
D12:D31;DB3S308F0L;DB3S308F;SOT490;;;75mA;;DB3S308F0L;2284977;;;;PANASONIC;;;;
D12:D41;DB3S308F0L;DB3S308F;SOT490;;;75mA;;DB3S308F0L;2284977;;;;PANASONIC;;;;
D13:D31;DB3S308F0L;DB3S308F;SOT490;;;75mA;;DB3S308F0L;2284977;;;;PANASONIC;;;;
D13:D41;DB3S308F0L;DB3S308F;SOT490;;;75mA;;DB3S308F0L;2284977;;;;PANASONIC;;;;
D14:D31;DB3S308F0L;DB3S308F;SOT490;;;75mA;;DB3S308F0L;2284977;;;;PANASONIC;;;;
D14:D41;DB3S308F0L;DB3S308F;SOT490;;;75mA;;DB3S308F0L;2284977;;;;PANASONIC;;;;
D15:D31;DB3S308F0L;DB3S308F;SOT490;;;75mA;;DB3S308F0L;2284977;;;;PANASONIC;;;;
D15:D41;DB3S308F0L;DB3S308F;SOT490;;;75mA;;DB3S308F0L;2284977;;;;PANASONIC;;;;
D16:D31;DB3S308F0L;DB3S308F;SOT490;;;75mA;;DB3S308F0L;2284977;;;;PANASONIC;;;;
D16:D41;DB3S308F0L;DB3S308F;SOT490;;;75mA;;DB3S308F0L;2284977;;;;PANASONIC;;;;
D17:D31;DB3S308F0L;DB3S308F;SOT490;;;75mA;;DB3S308F0L;2284977;;;;PANASONIC;;;;
D17:D41;DB3S308F0L;DB3S308F;SOT490;;;75mA;;DB3S308F0L;2284977;;;;PANASONIC;;;;
D18:D31;DB3S308F0L;DB3S308F;SOT490;;;75mA;;DB3S308F0L;2284977;;;;PANASONIC;;;;
D18:D41;DB3S308F0L;DB3S308F;SOT490;;;75mA;;DB3S308F0L;2284977;;;;PANASONIC;;;;
D19:D31;DB3S308F0L;DB3S308F;SOT490;;;75mA;;DB3S308F0L;2284977;;;;PANASONIC;;;;
D19:D41;DB3S308F0L;DB3S308F;SOT490;;;75mA;;DB3S308F0L;2284977;;;;PANASONIC;;;;
D20:D31;DB3S308F0L;DB3S308F;SOT490;;;75mA;;DB3S308F0L;2284977;;;;PANASONIC;;;;
D20:D41;DB3S308F0L;DB3S308F;SOT490;;;75mA;;DB3S308F0L;2284977;;;;PANASONIC;;;;
D21:D31;DB3S308F0L;DB3S308F;SOT490;;;75mA;;DB3S308F0L;2284977;;;;PANASONIC;;;;
D21:D41;DB3S308F0L;DB3S308F;SOT490;;;75mA;;DB3S308F0L;2284977;;;;PANASONIC;;;;
D22:D31;DB3S308F0L;DB3S308F;SOT490;;;75mA;;DB3S308F0L;2284977;;;;PANASONIC;;;;
D22:D41;DB3S308F0L;DB3S308F;SOT490;;;75mA;;DB3S308F0L;2284977;;;;PANASONIC;;;;
D23:D31;DB3S308F0L;DB3S308F;SOT490;;;75mA;;DB3S308F0L;2284977;;;;PANASONIC;;;;
D23:D41;DB3S308F0L;DB3S308F;SOT490;;;75mA;;DB3S308F0L;2284977;;;;PANASONIC;;;;
D24:D31;DB3S308F0L;DB3S308F;SOT490;;;75mA;;DB3S308F0L;2284977;;;;PANASONIC;;;;
D24:D41;DB3S308F0L;DB3S308F;SOT490;;;75mA;;DB3S308F0L;2284977;;;;PANASONIC;;;;
D25:D31;DB3S308F0L;DB3S308F;SOT490;;;75mA;;DB3S308F0L;2284977;;;;PANASONIC;;;;
D25:D41;DB3S308F0L;DB3S308F;SOT490;;;75mA;;DB3S308F0L;2284977;;;;PANASONIC;;;;
D26:D31;DB3S308F0L;DB3S308F;SOT490;;;75mA;;DB3S308F0L;2284977;;;;PANASONIC;;;;
D26:D41;DB3S308F0L;DB3S308F;SOT490;;;75mA;;DB3S308F0L;2284977;;;;PANASONIC;;;;
D27:D31;DB3S308F0L;DB3S308F;SOT490;;;75mA;;DB3S308F0L;2284977;;;;PANASONIC;;;;
D27:D41;DB3S308F0L;DB3S308F;SOT490;;;75mA;;DB3S308F0L;2284977;;;;PANASONIC;;;;
D28:D31;DB3S308F0L;DB3S308F;SOT490;;;75mA;;DB3S308F0L;2284977;;;;PANASONIC;;;;
D28:D41;DB3S308F0L;DB3S308F;SOT490;;;75mA;;DB3S308F0L;2284977;;;;PANASONIC;;;;
D29:D31;DB3S308F0L;DB3S308F;SOT490;;;75mA;;DB3S308F0L;2284977;;;;PANASONIC;;;;
D29:D41;DB3S308F0L;DB3S308F;SOT490;;;75mA;;DB3S308F0L;2284977;;;;PANASONIC;;;;
D30:D31;DB3S308F0L;DB3S308F;SOT490;;;75mA;;DB3S308F0L;2284977;;;;PANASONIC;;;;
D30:D41;DB3S308F0L;DB3S308F;SOT490;;;75mA;;DB3S308F0L;2284977;;;;PANASONIC;;;;
D31:D31;DB3S308F0L;DB3S308F;SOT490;;;75mA;;DB3S308F0L;2284977;;;;PANASONIC;;;;
D31:D41;DB3S308F0L;DB3S308F;SOT490;;;75mA;;DB3S308F0L;2284977;;;;PANASONIC;;;;
X3;DIN41612_ABC_96_R;DIN41612_ABC_96_R;DIN41612_96RC;DIN 41612 Connector, 96 Receptacle, 2.54 mm, 3 Row, a + b + c;;;;0973 296 6801;1096942;;;;HARTING;;;;
X4;DIN41612_ABC_96_R;DIN41612_ABC_96_R;DIN41612_96RC;DIN 41612 Connector, 96 Receptacle, 2.54 mm, 3 Row, a + b + c;;;;0973 296 6801;1096942;;;;HARTING;;;;
U21;LP38692MP-ADJ;LP38692MP-ADJ;SOT150P696X180-5N;Linear  Regulator;;;;LP38692MP-ADJ;1008058;41K7473;;;NationalSemiconductor;;;;
U22;LP38692MP-ADJ;LP38692MP-ADJ;SOT150P696X180-5N;Linear  Regulator;;;;LP38692MP-ADJ;1008058;41K7473;;;NationalSemiconductor;;;;
U14;LT3015EMSEM;LT3015EMSEM;SOP65P490X110H-13N;Linear Regulator;;;;;;;;;;;;;
X1;MAB64;MAB64;MAB64;CONNECTOR;;;;09 02 164 7921;1096830;;;;HARTING;;;;
X2;MAB64;MAB64;MAB64;CONNECTOR;;;;09 02 164 7921;1096830;;;;HARTING;;;;
D41;MBR140SFT1G;MBR140SFT1G;SOD123FL;;;;;;;;;;;;;;
D42;MBR140SFT1G;MBR140SFT1G;SOD123FL;;;;;;;;;;;;;;
D43;MBR140SFT1G;MBR140SFT1G;SOD123FL;;;;;;;;;;;;;;
D44;MBR140SFT1G;MBR140SFT1G;SOD123FL;;;;;;;;;;;;;;
D45;MBR140SFT1G;MBR140SFT1G;SOD123FL;;;;;;;;;;;;;;
U4;MCP4725A0T-E/CH;MCP4725A0T-E/CH;SOT95P270X145-6N;12-Bit Digital-to-Analog Converter with EEPROM;;;;MCP4725A0T-E/CH;1578449;77M3032;;;Microchip;;;;
U1;MCP4728-E/UN;MCP4728-E/UN;SOP50P490X110-10N;IC, DAC, 12BIT, QUAD;;;;MCP4728-E/UN;1800217;08R1808;;;MICROCHIP;;;;
U2;MCP4728-E/UN;MCP4728-E/UN;SOP50P490X110-10N;IC, DAC, 12BIT, QUAD;;;;MCP4728-E/UN;1800217;08R1808;;;MICROCHIP;;;;
U6;MCP4728-E/UN;MCP4728-E/UN;SOP50P490X110-10N;IC, DAC, 12BIT, QUAD;;;;MCP4728-E/UN;1800217;08R1808;;;MICROCHIP;;;;
U7;MCP4728-E/UN;MCP4728-E/UN;SOP50P490X110-10N;IC, DAC, 12BIT, QUAD;;;;MCP4728-E/UN;1800217;08R1808;;;MICROCHIP;;;;
U9;MCP4728-E/UN;MCP4728-E/UN;SOP50P490X110-10N;IC, DAC, 12BIT, QUAD;;;;MCP4728-E/UN;1800217;08R1808;;;MICROCHIP;;;;
U10;MCP4728-E/UN;MCP4728-E/UN;SOP50P490X110-10N;IC, DAC, 12BIT, QUAD;;;;MCP4728-E/UN;1800217;08R1808;;;MICROCHIP;;;;
U11;MCP4728-E/UN;MCP4728-E/UN;SOP50P490X110-10N;IC, DAC, 12BIT, QUAD;;;;MCP4728-E/UN;1800217;08R1808;;;MICROCHIP;;;;
U12;MCP4728-E/UN;MCP4728-E/UN;SOP50P490X110-10N;IC, DAC, 12BIT, QUAD;;;;MCP4728-E/UN;1800217;08R1808;;;MICROCHIP;;;;
U17;MCP6001T-I/LT;MCP6001T-I/LT;SOT65P240X110-5N;IC OPAMP 1.8V 1MHZ SINGLE;;;;MCP6001T-I/LT;8540837;89K2099;;;Microchip;;;;
U19;MCP6001T-I/LT;MCP6001T-I/LT;SOT65P240X110-5N;IC OPAMP 1.8V 1MHZ SINGLE;;;;MCP6001T-I/LT;8540837;89K2099;;;Microchip;;;;
OK1;MOC8204S;MOC8204S;DIL6-SMD;General Purpose 6-Pin Phototransistor Optocouplers;;;;MOC8204SR2M;2322563;;;;FAIRCHILD;;;;
R39;TBD;R-EU_R0402;R0402;RESISTOR, European symbol;;;;;;;;;;;;;
U5;TCA9406DCUR;TCA9406DCUR;SOP50P310X90-8N;2-BIT BIDIRECTIONAL 1MHz, I2C BUS AND SMBUS VOLTAGE-LEVEL TRANSLATOR WITH 8kV HBM ESD,US8-8;;;;TCA9406DCUR;1972385;86W6769;;;TEXAS INSTRUMENTS;;;;
U13;TCA9406DCUR;TCA9406DCUR;SOP50P310X90-8N;2-BIT BIDIRECTIONAL 1MHz, I2C BUS AND SMBUS VOLTAGE-LEVEL TRANSLATOR WITH 8kV HBM ESD,US8-8;;;;TCA9406DCUR;1972385;86W6769;;;TEXAS INSTRUMENTS;;;;
