1, 6807, 68.4, 0.93
2, 6808, 68.43, 0.95
3, 6809, 67.45, 0.88
4, 6810, 67.51, 0.83
5, 6811, 67.92, 0.91
6, 6812, 68.04, 0.89
7, 6813, 67.5, 0.86
8, 6814, 67.58, 0.89
9, 6815, 67.62, 0.86
10, 6816, 68.25, 0.92
11, 6817, 68.09, 0.92
12, 6818, 67.95, 0.92
13, 6819, 67.74, 0.89
14, 6820, 67.62, 0.87
15, 6821, 68.05, 0.91
16, 6822, 68.28, 1
17, 6823, 68.09, 0.88
18, 6824, 67.94, 0.87
19, 6825, 67.73, 0.9
20, 6826, 68.35, 1
21, 6827, 68.32, 0.92
22, 6828, 67.44, 0.88
23, 6829, 67.51, 0.88
24, 6830, 67.71, 0.87
25, 6831, 67.83, 0.84
26, 6832, 68.21, 0.84
27, 6833, 68.34, 0.92
28, 6834, 68.37, 0.93
29, 6835, 68.4, 0.9
30, 6836, 67.37, 0.79
31, 6837, 67.34, 1.2
32, 6838, 67.82, 0.87
33, 6839, 67.91, 0.92
34, 6840, 67.99, 0.92
35, 6841, 68.34, 0.95
36, 6842, 68.13, 0.93
37, 6843, 68.26, 0.87
38, 6844, 68.02, 0.87
39, 6845, 67.44, 0.89
40, 6846, 68.13, 0.85
41, 6847, 67.81, 0.79
42, 6848, 67.71, 0.79
43, 6849, 67.59, 0.79
44, 6850, 67.52, 0.8
45, 6851, 67.44, 0.78
46, 6852, 68.46, 0.97
47, 6853, 67.43, 0.86
48, 6854, 68.6, 1
49, 6855, 67.6, 0.76
50, 6856, 68.6, 1.1
51, 6857, 68.55, 1.1
52, 6858, 68.52, 0.97
53, 6859, 68.38, 0.93
54, 6860, 68.23, 0.86
55, 6861, 68.09, 0.86
56, 6862, 67.56, 0.83
57, 6863, 68.5, 0.87
58, 6864, 68.49, 0.93
59, 6865, 68.41, 0.9
60, 6866, 68.08, 0.86
61, 6867, 68.02, 0.83
62, 6868, 67.68, 0.78
63, 6869, 67.99, 0.83
64, 6870, 68.35, 0.9
65, 6871, 68.32, 0.9
66, 6872, 67.85, 0.81
67, 6873, 67.73, 0.79
68, 6874, 67.94, 0.87
69, 6875, 67.76, 0.83
70, 6876, 67.63, 0.83
71, 6877, 67.54, 0.85
72, 6878, 67.79, 0.83
73, 6879, 67.9, 0.83
74, 6880, 68.47, 0.9
75, 6881, 68.42, 0.89
76, 6882, 68.08, 0.86
77, 6883, 68.19, 0.92
78, 6884, 68.39, 0.88
79, 6885, 68.47, 0.96
80, 6886, 67.53, 0.82
81, 6887, 67.45, 0.87
82, 6888, 67.88, 0.82
83, 6889, 67.83, 0.8
84, 6890, 67.92, 0.75
85, 6891, 68.01, 0.76
86, 6892, 68.61, 0.84
87, 6893, 68.48, 0.81
88, 6894, 67.82, 0.75
89, 6895, 68.08, 0.79
90, 6896, 68.18, 0.8
91, 6897, 68.31, 0.8
92, 6898, 68.65, 0.81
93, 6899, 68.65, 0.88
94, 6900, 67.89, 0.76
95, 6901, 67.83, 0.73
96, 6902, 68.31, 0.81
97, 6903, 68.27, 0.79
98, 6904, 68.55, 0.85
99, 6905, 67.58, 0.79
100, 6906, 67.64, 0.74
101, 6907, 68.02, 0.79
102, 6908, 68.16, 0.78
103, 6909, 68.25, 0.77
104, 6910, 68.74, 1.1
105, 6911, 68.68, 0.93
106, 6912, 68.64, 0.87
107, 6913, 67.56, 0.82
108, 6914, 68.36, 1
109, 6915, 68.43, 1.3
110, 6916, 68.52, 0.8
111, 6917, 67.95, 0.78
112, 6918, 68.59, 0.88
113, 6919, 67.93, 1.2
114, 6920, 67.83, 1.1
115, 6921, 67.92, 0.84
116, 6922, 67.81, 0.77
117, 6923, 67.69, 0.83
118, 6924, 68.13, 0.8
119, 6925, 67.55, 0.74
120, 6926, 68.03, 0.76
121, 6927, 68.5, 0.91
122, 6928, 68.5, 1.4
123, 6929, 68.66, 1
124, 6930, 68.65, 1.3
125, 6931, 68.57, 0.86
126, 6932, 68, 0.8
127, 6933, 67.83, 0.74
128, 6934, 67.67, 0.75
129, 6935, 67.58, 0.77
130, 6936, 67.56, 0.83
131, 6937, 68.65, 0.86
132, 6938, 68.53, 0.83
133, 6939, 67.64, 0.68
134, 6940, 68.63, 1.3
135, 6941, 68.64, 1
136, 6942, 68.1, 0.78
137, 6943, 67.97, 0.77
138, 6944, 68.65, 0.82
139, 6945, 67.68, 0.72
140, 6946, 67.61, 0.74
141, 6947, 67.99, 0.77
142, 6948, 68.19, 0.8
143, 6949, 67.87, 0.79
144, 6950, 68.08, 0.87
145, 6951, 68.34, 0.82
146, 6952, 68.48, 0.8
147, 6953, 68.57, 0.96
148, 6954, 68.21, 0.81
149, 6955, 68.19, 0.81
150, 6956, 67.76, 0.8
151, 6957, 67.83, 0.78
152, 6958, 68.6, 0.88
153, 6959, 68.55, 0.8
154, 6960, 68.48, 0.89
155, 6961, 67.49, 0.75
156, 6962, 67.65, 0.8
157, 6963, 67.8, 0.78
158, 6964, 67.9, 0.82
159, 6965, 67.98, 0.78
160, 6966, 68.5, 0.84
161, 6967, 68.47, 0.84
162, 6968, 68.09, 0.8
163, 6969, 68.23, 0.83
164, 6970, 67.92, 0.81
165, 6971, 68.54, 0.82
166, 6972, 68.58, 0.87
167, 6973, 68.16, 0.84
168, 6974, 68.35, 0.85
169, 6975, 68.23, 0.86
1, 6976, 67.76, 0.82
2, 6977, 67.62, 0.84
3, 6978, 67.56, 0.83
4, 6979, 67.49, 0.84
5, 6980, 67.49, 0.84
6, 6981, 67.54, 0.88
7, 6982, 67.51, 0.84
8, 6983, 68.51, 0.91
9, 6984, 68.46, 0.85
10, 6985, 68.39, 0.86
11, 6986, 68.39, 0.87
12, 6987, 67.77, 0.83
13, 6988, 67.68, 0.84
14, 6989, 67.66, 0.83
15, 6990, 67.6, 0.8
16, 6991, 67.52, 0.81
17, 6992, 67.45, 0.84
18, 6993, 67.44, 0.83
19, 6994, 67.53, 0.82
20, 6995, 67.56, 0.81
21, 6996, 67.65, 0.82
22, 6997, 67.68, 0.79
23, 6998, 68.19, 0.87
24, 6999, 67.5, 0.82
25, 7000, 68.43, 0.86
26, 7001, 68.13, 0.88
27, 7002, 68.07, 0.93
28, 7003, 68.29, 0.84
29, 7004, 68.4, 0.91
30, 7005, 68.37, 0.92
31, 7006, 68.36, 0.93
32, 7007, 67.72, 0.8
33, 7008, 67.95, 0.82
34, 7009, 67.91, 0.83
35, 7010, 68.01, 0.85
36, 7011, 68.31, 0.82
37, 7012, 68.24, 0.81
38, 7013, 67.56, 0.81
39, 7014, 67.63, 0.79
40, 7015, 67.72, 0.84
41, 7016, 67.79, 0.82
42, 7017, 67.9, 0.83
43, 7018, 67.8, 0.81
44, 7019, 68.13, 0.88
45, 7020, 68.16, 0.82
46, 7021, 68.25, 0.85
47, 7022, 68.5, 0.89
48, 7023, 68.38, 0.88
49, 7024, 68.35, 0.96
50, 7025, 68.4, 0.85
51, 7026, 68.42, 0.91
52, 7027, 67.56, 0.83
53, 7028, 67.42, 0.84
54, 7029, 67.64, 0.81
55, 7030, 67.92, 0.8
56, 7031, 68.43, 0.87
57, 7032, 68.53, 0.87
58, 7033, 68.43, 0.89
59, 7034, 68.42, 0.88
60, 7035, 68.46, 0.94
61, 7036, 68.49, 0.9
62, 7037, 67.48, 0.8
63, 7038, 67.5, 0.82
64, 7039, 67.68, 0.81
65, 7040, 68.13, 0.83
66, 7041, 68.46, 0.84
67, 7042, 68.48, 0.84
68, 7043, 68.23, 0.8
69, 7044, 68.15, 0.79
70, 7045, 68.06, 0.9
71, 7046, 67.9, 0.83
72, 7047, 67.46, 0.82
73, 7048, 67.57, 0.79
74, 7049, 67.81, 0.84
75, 7050, 68.38, 0.84
76, 7051, 68.53, 0.98
77, 7052, 68.49, 0.9
78, 7053, 68.5, 0.88
79, 7054, 68.47, 0.85
80, 7055, 68.52, 0.87
81, 7056, 67.57, 0.79
82, 7057, 67.62, 0.79
83, 7058, 68.34, 0.96
84, 7059, 68.45, 0.81
85, 7060, 68.63, 0.87
86, 7061, 67.53, 0.78
87, 7062, 67.58, 0.8
88, 7063, 67.78, 0.79
89, 7064, 67.9, 0.82
90, 7065, 68.03, 0.83
91, 7066, 67.87, 0.74
92, 7067, 67.79, 0.75
93, 7068, 67.69, 0.72
94, 7069, 68.3, 0.81
95, 7070, 68.13, 0.79
96, 7071, 68.22, 0.75
97, 7072, 68.33, 0.8
98, 7073, 67.73, 0.79
99, 7074, 68.5, 0.8
100, 7075, 68.43, 0.8
101, 7076, 68.34, 0.77
102, 7077, 68.3, 0.77
103, 7078, 68.23, 0.77
104, 7079, 68.02, 0.77
105, 7080, 67.91, 0.75
106, 7081, 67.57, 0.73
107, 7082, 67.65, 0.71
108, 7083, 67.75, 0.75
109, 7084, 68.22, 0.75
110, 7085, 68.29, 0.75
111, 7086, 68.35, 0.78
112, 7087, 68.37, 0.77
113, 7088, 68.43, 0.77
114, 7089, 68.51, 0.8
115, 7090, 68.58, 0.78
116, 7091, 68.02, 0.76
117, 7092, 68.08, 0.75
118, 7093, 68.2, 0.79
119, 7094, 68.24, 0.78
120, 7095, 68.27, 0.76
121, 7096, 68.15, 0.74
122, 7097, 68.52, 0.8
123, 7098, 68.51, 0.79
124, 7099, 68.59, 0.83
125, 7100, 68.6, 0.79
126, 7101, 67.92, 0.79
127, 7102, 67.78, 0.77
128, 7103, 67.73, 0.76
129, 7104, 67.71, 0.73
130, 7105, 68.19, 0.79
131, 7106, 68.2, 0.81
132, 7107, 68.23, 0.83
133, 7108, 68.03, 0.8
134, 7109, 67.54, 0.73
135, 7110, 67.93, 0.77
136, 7111, 67.49, 0.71
137, 7112, 68.5, 0.78
138, 7113, 68.45, 0.78
139, 7114, 68.37, 0.79
140, 7115, 68.33, 0.75
141, 7116, 68.27, 0.76
142, 7117, 68.25, 0.78
143, 7118, 68.21, 0.76
144, 7119, 68.16, 0.76
145, 7120, 67.81, 0.75
146, 7121, 67.46, 0.7
147, 7122, 67.46, 0.69
148, 7123, 67.5, 0.7
149, 7124, 67.58, 0.7
150, 7125, 67.67, 0.75
151, 7126, 67.78, 0.71
152, 7127, 68.57, 0.84
153, 7128, 68.51, 0.89
154, 7129, 68.43, 0.82
155, 7130, 68.26, 0.77
156, 7131, 68.13, 0.74
157, 7132, 68.4, 0.75
158, 7133, 68.46, 0.86
159, 7134, 68.54, 0.84
160, 7135, 68.59, 0.86
161, 7136, 68.62, 0.88
162, 7137, 68, 0.76
163, 7138, 67.91, 0.76
164, 7139, 67.82, 0.75
165, 7140, 67.67, 0.72
166, 7141, 67.63, 0.72
167, 7142, 68.61, 0.86
168, 7143, 68.6, 0.84
169, 7144, 68.6, 0.79
1, 7145, 68.59, 0.81
2, 7146, 68.6, 0.78
3, 7147, 67.56, 0.72
4, 7148, 67.57, 0.71
5, 7149, 67.52, 0.82
6, 7150, 67.52, 0.68
7, 7151, 67.58, 0.71
8, 7152, 67.62, 0.7
9, 7153, 67.68, 0.71
10, 7154, 67.75, 0.71
11, 7155, 67.83, 0.74
12, 7156, 67.9, 0.73
13, 7157, 68.04, 0.79
14, 7158, 68.14, 0.8
15, 7159, 68.54, 0.8
16, 7160, 68.52, 0.81
17, 7161, 68.48, 0.8
18, 7162, 68.2, 0.78
19, 7163, 68.25, 0.79
20, 7164, 68.3, 0.81
21, 7165, 68.34, 0.81
22, 7166, 68.4, 0.79
23, 7167, 67.5, 0.79
24, 7168, 67.58, 0.82
25, 7169, 67.79, 0.78
26, 7170, 68.07, 0.81
27, 7171, 68.15, 0.79
28, 7172, 68.19, 0.82
29, 7173, 68.23, 0.81
30, 7174, 68.27, 0.81
31, 7175, 67.84, 0.76
32, 7176, 67.5, 0.75
33, 7177, 67.57, 0.75
34, 7178, 67.44, 0.83
35, 7179, 67.5, 0.81
36, 7180, 68.08, 0.87
37, 7181, 68.15, 0.91
38, 7182, 68.19, 0.85
39, 7183, 68.22, 0.87
40, 7184, 68.24, 0.9
41, 7185, 68.28, 0.93
42, 7186, 68.4, 0.93
43, 7187, 68.4, 0.91
44, 7188, 68.37, 0.91
45, 7189, 68.24, 0.88
46, 7190, 68.15, 0.84
47, 7191, 68.05, 0.87
48, 7192, 67.98, 0.83
49, 7193, 67.95, 0.85
50, 7194, 67.84, 0.82
51, 7195, 67.76, 0.81
52, 7196, 67.67, 0.81
53, 7197, 67.62, 0.85
54, 7198, 67.78, 0.8
55, 7199, 67.95, 0.84
56, 7200, 68.09, 0.81
57, 7201, 68.23, 0.84
58, 7202, 68.3, 0.81
59, 7203, 68.38, 0.87
60, 7204, 68.43, 0.84
61, 7205, 68.47, 0.94
62, 7206, 68.49, 0.95
63, 7207, 68.48, 0.99
64, 7208, 67.62, 0.77
65, 7209, 67.71, 0.8
66, 7210, 67.87, 0.83
67, 7211, 67.92, 0.85
68, 7212, 68.01, 0.82
69, 7213, 68.13, 0.85
70, 7214, 68.22, 0.84
71, 7215, 68.32, 0.88
72, 7216, 68.4, 0.88
73, 7217, 67.78, 0.82
74, 7218, 67.72, 0.79
75, 7219, 67.66, 0.78
76, 7220, 67.56, 0.84
77, 7221, 67.49, 0.75
78, 7222, 67.46, 0.65
79, 7223, 67.43, 0.76
80, 7224, 67.49, 0.78
81, 7225, 67.59, 0.76
82, 7226, 67.69, 0.77
83, 7227, 68.48, 0.9
84, 7228, 68.51, 0.91
85, 7229, 68.41, 0.9
86, 7230, 68.36, 0.88
87, 7231, 68.34, 0.86
88, 7232, 68.27, 0.85
89, 7233, 68.16, 0.84
90, 7234, 68.49, 0.96
91, 7235, 68.44, 0.9
92, 7236, 68.45, 0.89
93, 7237, 68.42, 0.84
94, 7238, 67.92, 0.8
95, 7239, 68.1, 0.81
96, 7240, 68.26, 0.84
97, 7241, 68.32, 0.86
98, 7242, 68.41, 0.91
99, 7243, 68.46, 0.93
100, 7244, 68.51, 1
101, 7245, 68.5, 1.1
102, 7246, 68.5, 1.2
103, 7247, 68.51, 1.1
104, 7248, 68.06, 0.82
105, 7249, 67.94, 0.81
106, 7250, 67.8, 0.81
107, 7251, 67.72, 0.81
108, 7252, 67.67, 0.79
109, 7253, 67.59, 0.79
110, 7254, 67.54, 0.77
111, 7255, 67.47, 0.74
112, 7256, 67.41, 0.71
113, 7257, 67.46, 0.74
114, 7258, 67.95, 0.84
115, 7259, 68.11, 0.81
116, 7260, 68.24, 0.9
117, 7261, 68.3, 0.96
118, 7262, 68.33, 0.96
119, 7263, 68.37, 0.92
120, 7264, 68.44, 1
121, 7265, 68.51, 1.1
122, 7266, 68.5, 1.2
123, 7267, 68.49, 1.3
124, 7268, 68.49, 1.3
125, 7269, 68.29, 0.86
126, 7270, 68.15, 0.84
127, 7271, 68.02, 0.8
128, 7272, 67.88, 0.82
129, 7273, 67.8, 0.81
130, 7274, 67.76, 0.8
131, 7275, 67.67, 0.82
132, 7276, 67.58, 0.76
133, 7277, 67.55, 0.78
134, 7278, 67.49, 0.76
135, 7279, 67.79, 0.84
136, 7280, 67.72, 0.81
137, 7281, 67.61, 0.79
138, 7282, 67.52, 0.75
139, 7283, 67.47, 0.7
140, 7284, 67.47, 0.63
141, 7285, 67.5, 0.66
142, 7286, 67.49, 0.67
143, 7287, 67.52, 0.78
144, 7288, 67.58, 0.81
145, 7289, 67.72, 0.82
146, 7290, 68.36, 0.93
147, 7291, 67.78, 0.83
148, 7292, 68.45, 0.94
149, 7293, 68.49, 0.96
150, 7294, 68.5, 0.89
151, 7295, 68.48, 0.88
152, 7296, 68.52, 0.9
153, 7297, 68.53, 0.91
154, 7298, 68.54, 0.94
155, 7299, 68.49, 0.94
156, 7300, 68.43, 0.93
157, 7301, 67.93, 0.84
158, 7302, 68.09, 0.83
159, 7303, 68.18, 0.85
160, 7304, 68.28, 0.89
161, 7305, 68.34, 0.91
162, 7306, 68.39, 0.91
163, 7307, 68.44, 0.98
164, 7308, 68.53, 1.1
165, 7309, 68.55, 1.2
166, 7310, 68.53, 1.3
167, 7311, 68.39, 0.9
168, 7312, 68.36, 0.92
169, 7313, 68.28, 0.93
1, 7314, 68.1, 0.84
2, 7315, 67.97, 0.83
3, 7316, 67.82, 0.79
4, 7317, 67.77, 0.83
5, 7318, 67.67, 0.87
6, 7319, 67.59, 0.8
7, 7320, 67.52, 0.79
8, 7321, 68.23, 0.86
9, 7322, 68.32, 0.92
10, 7323, 68.37, 0.89
11, 7324, 68.43, 0.96
12, 7325, 68.49, 1
13, 7326, 68.56, 1.1
14, 7327, 68.56, 1.1
15, 7328, 68.53, 1
16, 7329, 68.53, 0.97
17, 7330, 68.52, 1
18, 7331, 68.5, 1.1
19, 7332, 67.52, 0.71
20, 7333, 67.46, 0.72
21, 7334, 67.48, 0.67
22, 7335, 67.52, 0.72
23, 7336, 67.58, 0.81
24, 7337, 67.71, 0.8
25, 7338, 67.77, 0.83
26, 7339, 67.88, 0.83
27, 7340, 68.03, 0.84
28, 7341, 68.13, 0.79
29, 7342, 68.17, 0.78
30, 7343, 68.19, 0.78
31, 7344, 68.24, 0.79
32, 7345, 68.25, 0.79
33, 7346, 68.26, 0.83
34, 7347, 68.27, 0.81
35, 7348, 68.16, 0.78
36, 7349, 68.13, 0.84
37, 7350, 68.12, 0.79
38, 7351, 67.56, 0.73
39, 7352, 67.7, 0.77
40, 7353, 67.78, 0.77
41, 7354, 67.91, 0.78
42, 7355, 67.99, 0.75
43, 7356, 68.08, 0.77
44, 7357, 68.11, 0.77
45, 7358, 68.13, 0.79
46, 7359, 68.15, 0.79
47, 7360, 68.14, 0.75
48, 7361, 68.01, 0.85
49, 7362, 67.93, 0.89
50, 7363, 67.83, 0.86
51, 7364, 67.92, 0.84
52, 7365, 67.83, 0.82
53, 7366, 67.73, 0.89
54, 7367, 67.69, 0.84
55, 7368, 67.6, 0.84
56, 7369, 67.58, 0.84
57, 7370, 67.69, 0.84
58, 7371, 67.76, 0.85
59, 7372, 68.05, 0.81
60, 7373, 68.08, 0.76
61, 7374, 68.07, 0.75
62, 7375, 68.05, 0.79
63, 7376, 68.01, 0.75
64, 7377, 67.95, 0.77
65, 7378, 67.94, 0.75
66, 7379, 67.82, 0.75
67, 7380, 67.72, 0.74
68, 7381, 67.63, 0.73
69, 7382, 67.55, 0.81
70, 7383, 68.03, 0.84
71, 7384, 68.08, 0.85
72, 7385, 68.09, 0.85
73, 7386, 68.09, 0.97
74, 7387, 68.09, 0.85
75, 7388, 68.12, 0.87
76, 7389, 68.14, 0.92
77, 7390, 68.14, 0.88
78, 7391, 68.1, 0.89
79, 7392, 68.12, 0.93
80, 7393, 67.95, 0.72
81, 7394, 67.97, 0.74
82, 7395, 67.98, 0.77
83, 7396, 67.94, 0.75
84, 7397, 67.95, 0.78
85, 7398, 67.94, 0.84
86, 7399, 67.98, 0.75
87, 7400, 68, 0.77
88, 7401, 68.05, 0.77
89, 7402, 68.02, 0.73
90, 7403, 68.12, 0.92
91, 7404, 68.11, 0.88
92, 7405, 68.09, 0.87
93, 7406, 68.06, 0.89
94, 7407, 68.01, 0.86
95, 7408, 68.02, 0.88
96, 7409, 67.97, 1.2
97, 7410, 67.89, 0.82
98, 7411, 67.84, 0.81
99, 7412, 67.77, 0.85
100, 7413, 67.73, 0.92
101, 7414, 67.87, 0.74
102, 7415, 67.92, 0.75
103, 7416, 67.92, 0.74
104, 7417, 67.84, 0.72
105, 7418, 67.82, 0.74
106, 7419, 67.71, 0.74
107, 7420, 67.67, 0.73
108, 7421, 67.65, 0.74
109, 7422, 67.78, 0.74
110, 7423, 67.87, 0.75
111, 7424, 67.96, 0.78
112, 7425, 67.98, 0.91
113, 7426, 67.99, 0.89
114, 7427, 68.02, 0.9
115, 7428, 68.03, 0.89
116, 7429, 68.01, 0.91
117, 7430, 68, 0.88
118, 7431, 68.01, 0.86
119, 7432, 67.98, 0.87
120, 7433, 67.95, 0.89
121, 7434, 67.9, 0.86
122, 7435, 67.82, 0.86
123, 7436, 67.84, 0.8
124, 7437, 67.83, 0.78
125, 7438, 67.87, 0.76
126, 7439, 67.91, 0.79
127, 7440, 67.92, 0.78
128, 7441, 67.84, 0.78
129, 7442, 67.83, 0.79
130, 7443, 67.84, 0.77
131, 7444, 67.82, 0.81
132, 7445, 67.83, 0.83
133, 7446, 67.83, 0.77
134, 7447, 67.73, 0.98
135, 7448, 67.85, 0.91
136, 7449, 67.94, 0.91
137, 7450, 68, 0.91
138, 7451, 68, 0.87
139, 7452, 67.97, 0.92
140, 7453, 67.97, 0.92
141, 7454, 67.95, 0.97
142, 7455, 67.92, 0.97
143, 7456, 67.89, 0.92
144, 7457, 67.77, 0.77
145, 7458, 67.77, 0.74
146, 7459, 67.78, 0.76
147, 7460, 67.76, 0.78
148, 7461, 67.74, 0.73
149, 7462, 67.73, 0.75
150, 7463, 67.74, 0.75
151, 7464, 67.81, 0.77
152, 7465, 67.83, 0.77
153, 7466, 67.82, 0.77
154, 7467, 67.84, 0.91
155, 7468, 67.83, 0.97
156, 7469, 67.82, 0.96
157, 7470, 67.85, 0.93
158, 7471, 67.91, 1
159, 7472, 67.97, 0.91
160, 7473, 67.96, 0.88
161, 7474, 67.91, 0.85
162, 7475, 67.74, 0.75
163, 7476, 67.74, 1.1
164, 7477, 67.77, 1.1
165, 7478, 67.77, 1
166, 7479, 67.76, 1.1
167, 7480, 67.79, 1
168, 7481, 67.81, 0.77
169, 7482, 67.8, 0.78
1, 7483, 67.8, 0.84
2, 7484, 67.84, 1.5
3, 7485, 67.89, 1.5
4, 7486, 67.9, 1.2
5, 7487, 67.89, 1
6, 7488, 67.88, 1.2
7, 7489, 68.26, 0.95
8, 7490, 68.23, 0.84
9, 7491, 68.18, 0.88
10, 7492, 68.06, 0.89
11, 7493, 67.95, 0.91
12, 7494, 67.81, 0.83
13, 7495, 67.73, 0.9
14, 7496, 67.64, 0.86
15, 7497, 67.58, 0.84
16, 7498, 67.47, 0.86
17, 7499, 67.39, 0.9
18, 7500, 68.04, 0.86
19, 7501, 67.95, 0.81
20, 7502, 67.86, 0.81
21, 7503, 67.83, 0.82
22, 7504, 67.68, 0.78
23, 7505, 67.56, 0.82
24, 7506, 67.6, 0.84
25, 7507, 67.74, 0.86
26, 7508, 67.83, 0.81
27, 7509, 67.93, 0.84
28, 7510, 68.03, 0.86
29, 7511, 68.09, 1
30, 7512, 68.11, 0.9
31, 7513, 68.13, 0.84
32, 7514, 68.18, 0.85
33, 7515, 68.27, 0.87
34, 7516, 68.34, 0.84
35, 7517, 68.35, 0.84
36, 7518, 68.33, 0.85
37, 7519, 68.3, 0.83
38, 7520, 68.36, 0.91
39, 7521, 68.38, 0.88
40, 7522, 68.28, 0.87
41, 7523, 68.3, 0.86
42, 7524, 68.35, 0.94
43, 7525, 68.41, 0.87
44, 7526, 68.46, 0.99
45, 7527, 68.47, 1
46, 7528, 68.46, 0.97
47, 7529, 68.44, 0.95
48, 7530, 68.45, 0.89
49, 7531, 68.44, 0.91
50, 7532, 68.37, 0.9
51, 7533, 67.76, 0.9
52, 7534, 67.85, 0.86
53, 7535, 67.99, 0.89
54, 7536, 68.07, 0.88
55, 7537, 68.12, 0.91
56, 7538, 68.11, 0.91
57, 7539, 68.14, 0.92
58, 7540, 68.27, 0.91
59, 7541, 68.37, 0.88
60, 7542, 68.41, 0.88
61, 7543, 68.41, 0.91
62, 7544, 67.43, 0.86
63, 7545, 67.43, 0.86
64, 7546, 67.5, 0.83
65, 7547, 67.57, 0.86
66, 7548, 67.66, 0.81
67, 7549, 67.66, 0.82
68, 7550, 67.78, 0.87
69, 7551, 67.94, 0.85
70, 7552, 68.09, 0.85
71, 7553, 68.2, 0.84
72, 7554, 68.28, 0.91
73, 7555, 67.65, 0.92
74, 7556, 67.62, 0.87
75, 7557, 67.55, 0.85
76, 7558, 67.48, 0.78
77, 7559, 67.44, 0.96
78, 7560, 67.54, 0.87
79, 7561, 67.59, 0.85
80, 7562, 67.66, 0.86
81, 7563, 67.75, 0.9
82, 7564, 67.49, 0.86
83, 7565, 67.57, 0.83
84, 7566, 67.65, 0.81
85, 7567, 67.68, 0.84
86, 7568, 67.8, 0.86
87, 7569, 67.95, 0.85
88, 7570, 68.06, 0.86
89, 7571, 68.15, 0.88
90, 7572, 68.25, 0.9
91, 7573, 68.36, 0.94
92, 7574, 68.44, 0.91
93, 7575, 68.46, 0.92
94, 7576, 68.49, 0.95
95, 7577, 68.41, 0.91
96, 7578, 68.34, 0.93
97, 7579, 68.25, 0.92
98, 7580, 68.15, 0.89
99, 7581, 68.14, 0.88
100, 7582, 68.09, 0.91
101, 7583, 68.03, 0.85
102, 7584, 67.93, 0.91
103, 7585, 68.4, 0.95
104, 7586, 68.45, 0.96
105, 7587, 68.43, 0.95
106, 7588, 68.48, 0.94
107, 7589, 68.48, 1
108, 7590, 68.58, 1
109, 7591, 68.54, 1
110, 7592, 68.49, 0.94
111, 7593, 68.46, 0.92
112, 7594, 68.43, 0.97
113, 7595, 68.42, 0.94
114, 7596, 68.09, 0.97
115, 7597, 68.14, 0.92
116, 7598, 68.2, 0.92
117, 7599, 68.3, 0.95
118, 7600, 68.45, 0.93
119, 7601, 68.52, 0.98
120, 7602, 68.52, 1
121, 7603, 68.52, 0.99
122, 7604, 68.48, 0.97
123, 7605, 68.43, 0.97
124, 7606, 68.34, 1
125, 7607, 68.22, 0.91
126, 7608, 68.11, 0.92
127, 7609, 68.03, 0.91
128, 7610, 67.96, 0.9
129, 7611, 67.83, 0.89
130, 7612, 67.7, 0.84
131, 7613, 67.65, 0.86
132, 7614, 67.55, 0.84
133, 7615, 67.48, 0.84
134, 7616, 67.45, 0.95
135, 7617, 68.05, 0.92
136, 7618, 67.95, 0.86
137, 7619, 67.83, 0.89
138, 7620, 67.8, 0.91
139, 7621, 67.69, 0.9
140, 7622, 67.59, 0.85
141, 7623, 67.51, 0.88
142, 7624, 67.42, 0.89
143, 7625, 67.43, 0.88
144, 7626, 67.47, 0.88
145, 7627, 67.55, 0.86
146, 7628, 67.44, 0.9
147, 7629, 67.46, 0.85
148, 7630, 67.54, 0.88
149, 7631, 67.65, 0.87
150, 7632, 67.73, 0.88
151, 7633, 67.84, 0.88
152, 7634, 67.95, 0.96
153, 7635, 68.02, 0.88
154, 7636, 68.11, 0.88
155, 7637, 68.21, 0.9
156, 7638, 68.33, 0.91
157, 7639, 68.47, 0.96
158, 7640, 68.42, 0.93
159, 7641, 68.36, 0.92
160, 7642, 68.28, 0.92
161, 7643, 68.1, 0.89
162, 7644, 68.02, 0.89
163, 7645, 67.95, 0.9
164, 7646, 67.85, 0.93
165, 7647, 67.77, 0.94
166, 7648, 67.65, 0.93
167, 7649, 68.41, 0.95
168, 7650, 68.43, 0.93
169, 7651, 68.5, 0.9
1, 7652, 68.52, 0.93
2, 7653, 68.56, 0.92
3, 7654, 68.57, 0.92
4, 7655, 68.56, 0.95
5, 7656, 68.57, 0.96
6, 7657, 68.56, 0.98
7, 7658, 67.5, 0.85
8, 7659, 67.58, 0.82
9, 7660, 67.65, 0.78
10, 7661, 67.88, 0.83
11, 7662, 67.98, 0.84
12, 7663, 68.14, 0.83
13, 7664, 68.26, 0.85
14, 7665, 68.37, 0.89
15, 7666, 68.42, 0.85
16, 7667, 68.47, 0.85
17, 7668, 68.62, 0.87
18, 7669, 68.62, 0.9
19, 7670, 68.58, 0.9
20, 7671, 68.59, 0.91
21, 7672, 68.54, 0.87
22, 7673, 68.49, 0.85
23, 7674, 68.4, 0.87
24, 7675, 68.36, 0.82
25, 7676, 68.33, 0.9
26, 7677, 68.29, 0.83
27, 7678, 68.26, 0.85
28, 7679, 68.15, 0.83
29, 7680, 67.99, 0.83
30, 7681, 67.86, 0.85
31, 7682, 67.77, 0.83
32, 7683, 67.7, 0.81
33, 7684, 67.65, 0.79
34, 7685, 67.53, 0.89
35, 7686, 68.6, 0.91
36, 7687, 68.58, 0.93
37, 7688, 68.58, 0.91
38, 7689, 68.57, 0.94
39, 7690, 68.65, 1.2
40, 7691, 68.61, 0.92
41, 7692, 68.55, 0.89
42, 7693, 68.49, 0.91
43, 7694, 68.43, 0.87
44, 7695, 68.38, 0.86
45, 7696, 67.63, 0.82
46, 7697, 67.53, 0.83
47, 7698, 67.48, 0.91
48, 7699, 67.51, 0.88
49, 7700, 67.52, 0.82
50, 7701, 67.61, 0.85
51, 7702, 67.67, 0.83
52, 7703, 67.78, 0.82
53, 7704, 67.88, 0.84
54, 7705, 67.99, 0.83
55, 7706, 68.19, 0.85
56, 7707, 67.7, 0.87
57, 7708, 67.8, 0.88
58, 7709, 67.87, 0.83
59, 7710, 67.99, 0.83
60, 7711, 68.18, 0.85
61, 7712, 68.29, 0.88
62, 7713, 68.33, 0.82
63, 7714, 68.38, 0.92
64, 7715, 68.44, 0.86
65, 7716, 68.47, 0.88
66, 7717, 68.55, 1
67, 7718, 67.82, 0.73
68, 7719, 67.85, 0.73
69, 7720, 67.85, 0.7
70, 7721, 67.84, 0.7
71, 7722, 67.91, 0.74
72, 7723, 67.75, 1
73, 7724, 67.75, 0.75
74, 7725, 67.78, 0.77
75, 7726, 67.82, 0.77
76, 7727, 67.84, 0.72
77, 7728, 67.87, 0.73
78, 7729, 67.89, 0.72
79, 7730, 67.89, 0.72
80, 7731, 67.9, 0.7
81, 7732, 67.42, 0.74
82, 7733, 67.44, 0.7
83, 7734, 67.49, 0.69
84, 7735, 67.55, 0.69
85, 7736, 67.7, 0.71
86, 7737, 67.84, 0.71
87, 7738, 68.03, 0.7
88, 7739, 68.14, 0.72
89, 7740, 68.19, 0.75
90, 7741, 68.24, 0.75
91, 7742, 67.79, 0.73
92, 7743, 67.84, 0.74
93, 7744, 67.86, 0.73
94, 7745, 67.88, 0.73
95, 7746, 67.92, 0.72
96, 7747, 67.95, 0.73
97, 7748, 67.98, 0.73
98, 7749, 68.02, 0.71
99, 7750, 68.01, 0.73
100, 7751, 68, 0.74
101, 7752, 68.01, 0.71
102, 7753, 68.16, 0.94
103, 7754, 68.1, 0.72
104, 7755, 67.99, 0.72
105, 7756, 67.81, 0.8
106, 7757, 67.68, 0.73
107, 7758, 67.54, 0.69
108, 7759, 67.48, 0.69
109, 7760, 67.4, 0.71
110, 7761, 67.36, 0.7
111, 7762, 67.3, 0.69
112, 7763, 67.62, 0.76
113, 7764, 67.63, 0.76
114, 7765, 67.68, 0.72
115, 7766, 67.76, 0.68
116, 7767, 67.8, 0.72
117, 7768, 67.84, 0.7
118, 7769, 67.88, 0.69
119, 7770, 67.95, 0.74
120, 7771, 67.97, 0.71
121, 7772, 67.95, 0.69
122, 7773, 67.98, 0.69
123, 7774, 68.2, 0.72
124, 7775, 68.27, 0.77
125, 7776, 68.31, 0.87
126, 7777, 68.33, 0.91
127, 7778, 68.34, 0.78
128, 7779, 68.36, 0.76
129, 7780, 68.38, 0.77
130, 7781, 68.31, 0.74
131, 7782, 68.34, 0.89
132, 7783, 68.36, 0.75
133, 7784, 68.04, 0.71
134, 7785, 68.05, 0.7
135, 7786, 68.04, 0.73
136, 7787, 68.01, 0.7
137, 7788, 67.99, 0.73
138, 7789, 67.96, 0.73
139, 7790, 67.94, 0.72
140, 7791, 67.89, 0.68
141, 7792, 67.81, 0.69
142, 7793, 67.76, 0.72
143, 7794, 67.71, 0.72
144, 7795, 67.55, 0.66
145, 7796, 67.64, 0.71
146, 7797, 67.76, 0.75
147, 7798, 68.13, 0.73
148, 7799, 68.36, 0.79
149, 7800, 68.33, 0.76
150, 7801, 68.3, 0.76
151, 7802, 68.22, 0.73
152, 7803, 68.16, 0.73
153, 7804, 68.08, 0.7
154, 7805, 68.09, 0.71
155, 7806, 68.08, 0.7
156, 7807, 68.05, 0.71
157, 7808, 68.03, 0.7
158, 7809, 68.03, 0.69
159, 7810, 67.99, 0.7
160, 7811, 67.94, 0.7
161, 7812, 67.88, 0.69
162, 7813, 67.77, 0.7
163, 7814, 67.71, 0.7
164, 7815, 67.5, 0.7
165, 7816, 67.39, 0.7
166, 7817, 67.33, 0.69
167, 7818, 67.28, 0.65
168, 7819, 67.35, 0.76
169, 7820, 67.41, 0.69
1, 7821, 67.5, 0.7
2, 7822, 67.57, 0.65
3, 7823, 67.61, 0.69
4, 7824, 67.75, 0.66
5, 7825, 67.85, 0.69
6, 7826, 68.05, 0.74
7, 7827, 67.99, 0.72
8, 7828, 67.89, 0.71
9, 7829, 67.84, 0.73
10, 7830, 67.72, 0.69
11, 7831, 67.67, 0.69
12, 7832, 67.67, 0.7
13, 7833, 67.58, 0.75
14, 7834, 67.58, 0.73
15, 7835, 67.63, 0.7
16, 7836, 67.66, 0.72
17, 7837, 68.29, 0.73
18, 7838, 68.31, 0.75
19, 7839, 68.3, 0.78
20, 7840, 68.32, 0.74
21, 7841, 68.33, 0.77
22, 7842, 67.83, 0.77
23, 7843, 67.75, 0.7
24, 7844, 67.74, 0.72
25, 7845, 67.81, 0.71
26, 7846, 67.97, 0.77
27, 7847, 68.03, 0.66
28, 7848, 68.09, 0.7
29, 7849, 68.16, 0.73
30, 7850, 68.25, 0.73
31, 7851, 68.29, 0.7
32, 7852, 68.08, 0.71
33, 7853, 68.1, 0.72
34, 7854, 68.12, 0.72
35, 7855, 68.16, 0.72
36, 7856, 68.19, 0.79
37, 7857, 68.24, 0.73
38, 7858, 68.23, 0.74
39, 7859, 68.23, 0.72
40, 7860, 68.23, 0.71
41, 7861, 68.18, 0.73
42, 7862, 67.71, 0.69
43, 7863, 67.79, 0.69
44, 7864, 67.89, 0.7
45, 7865, 67.98, 0.75
46, 7866, 68.06, 0.74
47, 7867, 68.12, 0.72
48, 7868, 68.2, 0.7
49, 7869, 68.25, 0.7
50, 7870, 68.3, 0.72
51, 7871, 68.29, 0.75
52, 7872, 68.31, 0.76
53, 7873, 68.12, 0.76
54, 7874, 68.09, 0.71
55, 7875, 68.05, 0.73
56, 7876, 67.95, 0.71
57, 7877, 67.78, 0.75
58, 7878, 67.67, 0.69
59, 7879, 67.62, 0.7
60, 7880, 67.61, 0.73
61, 7881, 67.63, 0.68
62, 7882, 67.72, 0.72
63, 7883, 67.62, 0.74
64, 7884, 67.56, 0.74
65, 7885, 67.53, 0.74
66, 7886, 67.52, 0.74
67, 7887, 67.5, 0.82
68, 7888, 67.49, 0.9
69, 7889, 67.5, 0.77
70, 7890, 67.62, 0.71
71, 7891, 67.52, 0.7
72, 7892, 68.39, 0.89
73, 7893, 68.42, 0.79
74, 7894, 68.36, 0.75
75, 7895, 68.3, 0.76
76, 7896, 68.24, 0.73
77, 7897, 68.2, 0.74
78, 7898, 68.18, 0.73
79, 7899, 68.11, 0.75
80, 7900, 68.03, 0.73
81, 7901, 67.87, 0.73
82, 7902, 67.7, 0.74
83, 7903, 67.78, 0.72
84, 7904, 67.76, 0.75
85, 7905, 67.74, 0.71
86, 7906, 67.8, 0.73
87, 7907, 67.8, 0.73
88, 7908, 67.8, 0.71
89, 7909, 67.76, 0.68
90, 7910, 67.71, 0.7
91, 7911, 67.7, 0.7
92, 7912, 67.73, 0.65
93, 7913, 68.38, 0.81
94, 7914, 68.39, 0.77
95, 7915, 68.37, 0.75
96, 7916, 68.36, 0.75
97, 7917, 68.08, 0.75
98, 7918, 68.15, 0.75
99, 7919, 68.18, 0.72
100, 7920, 68.22, 0.76
101, 7921, 68.28, 0.74
102, 7922, 68.33, 0.74
103, 7923, 68.36, 0.77
104, 7924, 67.77, 0.71
105, 7925, 67.83, 0.7
106, 7926, 67.85, 0.71
107, 7927, 67.87, 0.68
108, 7928, 67.89, 0.73
109, 7929, 67.96, 0.68
110, 7930, 67.91, 0.69
111, 7931, 67.9, 0.66
112, 7932, 67.88, 0.68
113, 7933, 67.86, 0.69
114, 7934, 67.44, 0.72
115, 7935, 67.38, 0.73
116, 7936, 67.42, 0.84
117, 7937, 67.44, 0.74
118, 7938, 67.46, 0.72
119, 7939, 67.53, 0.68
120, 7940, 67.63, 0.72
121, 7941, 67.73, 0.71
122, 7942, 67.82, 0.73
123, 7943, 67.95, 0.7
124, 7944, 68.06, 0.74
125, 7945, 67.83, 0.65
126, 7946, 67.88, 0.69
127, 7947, 67.87, 0.67
128, 7948, 67.85, 0.73
129, 7949, 67.83, 0.68
130, 7950, 67.79, 0.69
131, 7951, 67.77, 0.7
132, 7952, 67.77, 0.74
133, 7953, 67.73, 0.7
134, 7954, 67.79, 0.69
135, 7955, 67.83, 0.67
136, 7956, 68.19, 0.72
137, 7957, 68.15, 0.7
138, 7958, 68.07, 0.77
139, 7959, 68.05, 0.72
140, 7960, 67.98, 0.71
141, 7961, 67.88, 0.69
142, 7962, 67.79, 0.77
143, 7963, 67.71, 0.7
144, 7964, 67.63, 0.73
145, 7965, 67.54, 0.7
146, 7966, 67.84, 0.65
147, 7967, 67.88, 0.63
148, 7968, 67.89, 0.68
149, 7969, 67.92, 0.65
150, 7970, 67.93, 0.66
151, 7971, 67.89, 0.64
152, 7972, 67.87, 0.64
153, 7973, 67.84, 0.65
154, 7974, 67.86, 0.62
155, 7975, 68.07, 0.69
156, 7976, 68.1, 0.72
157, 7977, 68.15, 0.7
158, 7978, 68.19, 0.69
159, 7979, 68.2, 0.74
160, 7980, 68.19, 0.7
161, 7981, 68.26, 0.72
162, 7982, 68.24, 0.69
163, 7983, 68.28, 0.73
164, 7984, 68.26, 0.71
165, 7985, 67.86, 0.68
166, 7986, 67.86, 0.67
167, 7987, 67.8, 0.68
168, 7988, 67.75, 0.79
169, 7989, 67.66, 0.7
1, 7990, 67.64, 0.68
2, 7991, 67.73, 0.64
3, 7992, 67.8, 0.63
4, 7993, 67.83, 0.65
5, 7994, 67.86, 0.6
6, 7995, 67.84, 0.68
7, 7996, 68.06, 0.78
8, 7997, 67.95, 0.85
9, 7998, 67.87, 0.71
10, 7999, 67.8, 0.67
11, 8000, 67.74, 0.66
12, 8001, 67.65, 0.69
13, 8002, 67.62, 0.67
14, 8003, 67.57, 0.68
15, 8004, 67.61, 0.67
16, 8005, 67.66, 0.67
17, 8006, 67.73, 0.66
18, 8007, 67.82, 0.68
19, 8008, 67.82, 0.7
20, 8009, 67.86, 0.64
21, 8010, 67.88, 0.64
22, 8011, 67.9, 0.64
23, 8012, 67.96, 0.66
24, 8013, 67.97, 0.66
25, 8014, 67.93, 0.67
26, 8015, 67.92, 0.67
27, 8016, 67.87, 0.64
28, 8017, 67.84, 0.68
29, 8018, 67.8, 0.68
30, 8019, 67.89, 0.69
31, 8020, 67.95, 0.7
32, 8021, 68, 0.71
33, 8022, 68.04, 0.69
34, 8023, 68.04, 0.71
35, 8024, 68.04, 0.67
36, 8025, 68.05, 0.68
37, 8026, 68.06, 0.69
38, 8027, 68.08, 0.68
39, 8028, 68.07, 0.66
40, 8029, 67.55, 0.63
41, 8030, 67.5, 0.66
42, 8031, 67.44, 0.68
43, 8032, 67.64, 0.66
44, 8033, 67.71, 0.65
45, 8034, 67.77, 0.69
46, 8035, 67.84, 0.73
47, 8036, 67.86, 0.62
48, 8037, 67.86, 0.67
49, 8038, 67.82, 0.69
50, 8039, 68.02, 0.67
51, 8040, 68.03, 0.66
52, 8041, 67.99, 0.68
53, 8042, 67.93, 0.66
54, 8043, 67.9, 0.65
55, 8044, 67.89, 0.65
56, 8045, 67.86, 0.66
57, 8046, 67.77, 0.65
58, 8047, 67.7, 0.65
59, 8048, 67.6, 0.7
60, 8049, 68.4, 0.79
61, 8050, 68.41, 0.78
62, 8051, 68.44, 0.74
63, 8052, 68.4, 0.72
64, 8053, 68.33, 0.79
65, 8054, 68.3, 0.79
66, 8055, 68.25, 0.71
67, 8056, 68.18, 0.69
68, 8057, 68.13, 0.72
69, 8058, 68.02, 0.7
70, 8059, 67.92, 0.71
71, 8060, 68.39, 0.73
72, 8061, 68.43, 0.75
73, 8062, 68.41, 0.78
74, 8063, 68.43, 0.79
75, 8064, 68.44, 0.78
76, 8065, 68.44, 0.75
77, 8066, 68.42, 0.75
78, 8067, 68.36, 0.85
79, 8068, 68.31, 0.83
80, 8069, 68.23, 0.72
81, 8070, 68.12, 0.74
82, 8071, 67.56, 0.81
83, 8072, 67.59, 0.8
84, 8073, 67.56, 0.84
85, 8074, 67.42, 0.74
86, 8075, 67.36, 0.76
87, 8076, 67.16, 0.73
88, 8077, 67.06, 0.74
89, 8078, 66.96, 0.73
90, 8079, 66.94, 0.74
91, 8080, 66.86, 0.61
92, 8081, 67.93, 0.72
93, 8082, 67.76, 0.69
94, 8083, 67.65, 0.69
95, 8084, 67.61, 0.69
96, 8085, 67.54, 0.72
97, 8086, 67.52, 0.69
98, 8087, 67.46, 0.74
99, 8088, 67.42, 0.71
100, 8089, 67.49, 0.72
101, 8090, 67.54, 0.73
102, 8091, 67.38, 0.77
103, 8092, 67.47, 0.81
104, 8093, 67.36, 0.77
105, 8094, 67.22, 0.74
106, 8095, 67.11, 0.73
107, 8096, 67, 0.74
108, 8097, 66.98, 0.73
109, 8098, 66.93, 0.65
110, 8099, 66.86, 0.57
111, 8100, 66.75, 0.56
112, 8101, 66.72, 0.58
113, 8102, 66.8, 0.61
114, 8103, 67.62, 0.72
115, 8104, 67.67, 0.69
116, 8105, 67.8, 0.75
117, 8106, 67.88, 0.7
118, 8107, 68.01, 0.74
119, 8108, 68.14, 0.74
120, 8109, 68.26, 0.74
121, 8110, 68.35, 0.91
122, 8111, 68.41, 0.74
123, 8112, 68.46, 0.73
124, 8113, 68.45, 0.76
125, 8114, 67.5, 0.9
126, 8115, 67.54, 0.8
127, 8116, 67.55, 0.88
128, 8117, 67.52, 0.87
129, 8118, 67.47, 0.79
130, 8119, 67.43, 0.81
131, 8120, 67.41, 0.81
132, 8121, 67.4, 0.79
133, 8122, 67.45, 0.8
134, 8123, 68.11, 0.71
135, 8124, 68.2, 0.74
136, 8125, 68.31, 0.76
137, 8126, 68.42, 0.73
138, 8127, 68.47, 0.75
139, 8128, 68.49, 0.75
140, 8129, 68.43, 0.75
141, 8130, 68.42, 0.83
142, 8131, 68.43, 0.86
143, 8132, 68.43, 0.75
144, 8133, 68.43, 0.74
145, 8134, 67.43, 0.82
146, 8135, 67.43, 0.88
147, 8136, 67.46, 0.83
148, 8137, 67.5, 0.84
149, 8138, 67.53, 1
150, 8139, 67.52, 0.8
151, 8140, 67.47, 0.78
152, 8141, 67.37, 0.79
153, 8142, 67.34, 0.76
154, 8143, 67.26, 0.75
155, 8144, 67.95, 0.7
156, 8145, 67.87, 0.72
157, 8146, 67.7, 0.72
158, 8147, 67.6, 0.67
159, 8148, 67.53, 0.69
160, 8149, 67.46, 0.74
161, 8150, 67.39, 0.74
162, 8151, 67.39, 0.73
163, 8152, 67.44, 0.7
164, 8153, 67.51, 0.69
165, 8154, 67.07, 0.75
166, 8155, 66.99, 0.79
167, 8156, 66.94, 0.7
168, 8157, 66.86, 0.58
169, 8158, 66.77, 0.57
1, 8159, 66.78, 0.6
2, 8160, 66.82, 0.63
3, 8161, 66.91, 0.72
4, 8162, 66.96, 0.71
5, 8163, 67.09, 0.73
6, 8164, 67.22, 0.75
7, 8165, 68.5, 0.82
8, 8166, 68.46, 0.78
9, 8167, 68.39, 0.75
10, 8168, 68.3, 0.75
11, 8169, 68.19, 0.75
12, 8170, 68.11, 0.72
13, 8171, 67.97, 0.74
14, 8172, 67.87, 0.7
15, 8173, 67.83, 0.71
16, 8174, 67.7, 0.67
17, 8175, 67.31, 0.76
18, 8176, 67.36, 0.8
19, 8177, 67.39, 0.84
20, 8178, 67.45, 0.78
21, 8179, 67.5, 0.92
22, 8180, 67.5, 0.82
23, 8181, 67.5, 0.9
24, 8182, 67.52, 0.89
25, 8183, 67.47, 0.87
26, 8184, 67.42, 0.89
27, 8185, 67.27, 0.78
28, 8186, 67.39, 0.78
29, 8187, 67.43, 0.81
30, 8188, 67.45, 0.9
31, 8189, 67.45, 0.83
32, 8190, 67.46, 0.79
33, 8191, 67.51, 0.86
34, 8192, 67.52, 0.87
35, 8193, 67.47, 0.84
36, 8194, 67.41, 0.82
37, 8195, 68.43, 0.77
38, 8196, 67.42, 0.92
39, 8197, 67.46, 0.84
40, 8198, 67.5, 0.84
41, 8199, 67.55, 0.91
42, 8200, 67.47, 0.87
43, 8201, 67.43, 0.82
44, 8202, 67.44, 0.86
45, 8203, 67.41, 0.85
46, 8204, 67.4, 0.79
47, 8205, 67.37, 0.79
48, 8206, 67.28, 0.73
49, 8207, 67.24, 0.75
50, 8208, 67.12, 0.77
51, 8209, 67.03, 0.74
52, 8210, 66.93, 0.75
53, 8211, 66.83, 0.71
54, 8212, 66.79, 0.71
55, 8213, 66.77, 0.66
56, 8214, 66.81, 0.7
57, 8215, 66.99, 0.73
58, 8216, 67.11, 0.75
59, 8217, 67.24, 0.79
60, 8218, 67.59, 0.89
61, 8219, 67.56, 0.79
62, 8220, 67.49, 0.85
63, 8221, 67.46, 0.94
64, 8222, 67.43, 0.79
65, 8223, 67.43, 0.8
66, 8224, 67.43, 0.78
67, 8225, 67.45, 0.8
68, 8226, 67.5, 0.8
69, 8227, 67.48, 0.76
70, 8228, 67.45, 0.9
71, 8229, 66.76, 0.6
72, 8230, 66.82, 0.63
73, 8231, 66.91, 0.75
74, 8232, 66.96, 0.73
75, 8233, 67.04, 0.73
76, 8234, 67.17, 0.73
77, 8235, 67.35, 0.73
78, 8236, 67.47, 0.75
79, 8237, 67.51, 0.73
80, 8238, 67.54, 0.75
81, 8239, 67, 0.68
82, 8240, 67.04, 0.7
83, 8241, 67, 0.7
84, 8242, 67.04, 0.76
85, 8243, 67.09, 0.69
86, 8244, 67.13, 0.69
87, 8245, 67.13, 0.69
88, 8246, 67.13, 0.66
89, 8247, 67.04, 0.66
90, 8248, 67.51, 0.85
91, 8249, 66.69, 0.56
92, 8250, 67.49, 0.81
93, 8251, 67.49, 0.78
94, 8252, 67.46, 0.77
95, 8253, 67.3, 0.76
96, 8254, 67.17, 0.75
97, 8255, 67.02, 0.72
98, 8256, 66.95, 0.75
99, 8257, 66.84, 0.72
100, 8258, 66.75, 0.67
101, 8259, 66.91, 0.68
102, 8260, 66.9, 0.69
103, 8261, 66.9, 0.71
104, 8262, 66.92, 0.68
105, 8263, 66.96, 0.75
106, 8264, 66.99, 0.65
107, 8265, 66.99, 0.68
108, 8266, 67.02, 0.71
109, 8267, 67.01, 0.71
110, 8268, 67.03, 0.69
111, 8269, 67.52, 0.93
112, 8270, 67.49, 0.79
113, 8271, 67.44, 0.74
114, 8272, 67.49, 0.78
115, 8273, 67.47, 0.79
116, 8274, 67.5, 0.85
117, 8275, 67.51, 0.8
118, 8276, 67.48, 0.98
119, 8277, 67.5, 0.78
120, 8278, 67.5, 0.75
121, 8279, 67.53, 0.79
122, 8280, 67.23, 0.69
123, 8281, 67.22, 0.72
124, 8282, 67.21, 0.67
125, 8283, 67.22, 0.77
126, 8284, 67.2, 0.81
127, 8285, 67.18, 0.72
128, 8286, 67.14, 0.7
129, 8287, 67.13, 0.72
130, 8288, 67.18, 0.72
131, 8289, 67.19, 0.72
132, 8290, 67.23, 0.72
133, 8291, 67.52, 0.9
134, 8292, 67.44, 0.78
135, 8293, 67.43, 0.76
136, 8294, 67.44, 0.78
137, 8295, 67.26, 0.76
138, 8296, 67.15, 0.7
139, 8297, 67.04, 0.75
140, 8298, 66.94, 0.73
141, 8299, 66.93, 0.72
142, 8300, 67.05, 0.73
143, 8301, 67.24, 0.76
144, 8302, 67.28, 0.74
145, 8303, 67.31, 0.74
146, 8304, 67.32, 0.73
147, 8305, 67.34, 0.71
148, 8306, 67.34, 0.74
149, 8307, 67.31, 0.75
150, 8308, 67.31, 0.76
151, 8309, 67.27, 0.77
152, 8310, 67.29, 0.74
153, 8311, 67.32, 0.76
154, 8312, 67.45, 0.76
155, 8313, 67.48, 0.79
156, 8314, 67.51, 0.87
157, 8315, 67.53, 0.75
158, 8316, 67.44, 0.76
159, 8317, 67.41, 0.76
160, 8318, 67.4, 0.75
161, 8319, 67.4, 0.81
162, 8320, 67.31, 0.75
163, 8321, 67.25, 0.73
164, 8322, 67.15, 0.74
165, 8323, 67.13, 0.76
166, 8324, 67.06, 0.93
167, 8325, 67.11, 0.76
168, 8326, 67.18, 0.78
169, 8327, 67.25, 0.74
1, 8328, 67.26, 0.73
2, 8329, 67.3, 0.75
3, 8330, 67.31, 0.73
4, 8331, 67.32, 0.71
5, 8332, 67.47, 0.77
6, 8333, 67.49, 0.75
7, 8334, 67.47, 0.77
8, 8335, 67.49, 0.74
9, 8336, 67.5, 0.75
10, 8337, 67.46, 0.75
11, 8338, 67.4, 0.73
12, 8339, 67.39, 0.77
13, 8340, 67.4, 0.74
14, 8341, 67.32, 0.75
15, 8342, 67.27, 0.77
16, 8343, 67.35, 0.72
17, 8344, 67.39, 0.72
18, 8345, 67.41, 0.73
19, 8346, 67.39, 0.75
20, 8347, 67.36, 0.72
21, 8348, 67.32, 0.74
22, 8349, 67.3, 0.72
23, 8350, 67.26, 0.71
24, 8351, 67.25, 0.72
25, 8352, 67.22, 0.76
26, 8353, 67.17, 0.71
27, 8354, 67.1, 0.72
28, 8355, 67.03, 0.74
29, 8356, 66.91, 0.73
30, 8357, 66.91, 0.7
31, 8358, 66.97, 0.73
32, 8359, 67.08, 0.73
33, 8360, 67.16, 0.72
34, 8361, 67.21, 0.74
35, 8362, 67.3, 0.72
36, 8363, 67.34, 0.75
37, 8364, 67.38, 0.75
38, 8365, 67.33, 0.72
39, 8366, 67.33, 0.77
40, 8367, 67.3, 0.71
41, 8368, 67.25, 0.71
42, 8369, 67.21, 0.73
43, 8370, 67.14, 0.74
44, 8371, 67.01, 0.73
45, 8372, 66.99, 0.72
46, 8373, 67.07, 0.71
47, 8374, 67.18, 0.74
48, 8375, 67.39, 0.75
49, 8376, 67.41, 0.76
50, 8377, 67.41, 0.73
51, 8378, 67.45, 0.73
52, 8379, 67.47, 0.74
53, 8380, 67.44, 0.82
54, 8381, 67.4, 0.74
55, 8382, 67.42, 0.74
56, 8383, 67.46, 0.76
57, 8384, 67.44, 0.77
58, 8385, 67.2, 0.71
59, 8386, 67.2, 0.7
60, 8387, 67.19, 0.71
61, 8388, 67.15, 0.72
62, 8389, 67.12, 0.7
63, 8390, 67.07, 0.7
64, 8391, 67.07, 0.73
65, 8392, 67.06, 0.71
66, 8393, 66.93, 0.79
67, 8394, 66.99, 0.69
68, 8395, 67.2, 0.7
69, 8396, 67.3, 0.72
70, 8397, 67.29, 0.72
71, 8398, 67.29, 0.71
72, 8399, 67.21, 0.69
73, 8400, 67.13, 0.72
74, 8401, 67.12, 0.71
75, 8402, 67.13, 0.75
76, 8403, 67.13, 0.71
77, 8404, 67.12, 0.68
78, 8405, 67.08, 0.7
79, 8406, 66.88, 0.74
80, 8407, 66.94, 0.74
81, 8408, 66.98, 0.74
82, 8409, 67.11, 0.76
83, 8410, 67.27, 0.78
84, 8411, 67.37, 0.78
85, 8412, 67.44, 0.79
86, 8413, 67.54, 0.79
87, 8414, 67.57, 0.83
88, 8415, 67.6, 0.87
89, 8416, 67.56, 0.81
90, 8417, 67.31, 0.71
91, 8418, 67.31, 0.68
92, 8419, 67.3, 0.72
93, 8420, 67.27, 0.71
94, 8421, 67.2, 0.69
95, 8422, 67.16, 0.74
96, 8423, 67.15, 0.71
97, 8424, 67.15, 0.76
98, 8425, 67.13, 0.76
99, 8426, 67.02, 0.67
100, 8427, 67.55, 0.81
101, 8428, 67.52, 0.8
102, 8429, 67.49, 0.82
103, 8430, 67.45, 0.86
104, 8431, 67.47, 0.89
105, 8432, 67.45, 0.91
106, 8433, 67.44, 0.86
107, 8434, 67.47, 0.86
108, 8435, 67.5, 0.84
109, 8436, 67.53, 0.82
110, 8437, 67.56, 0.81
111, 8438, 67.15, 0.72
112, 8439, 67.19, 0.72
113, 8440, 67.2, 0.76
114, 8441, 67.19, 0.72
115, 8442, 67.23, 0.7
116, 8443, 67.3, 0.73
117, 8444, 67.32, 0.71
118, 8445, 67.31, 0.72
119, 8446, 67.3, 0.69
120, 8447, 67.3, 0.76
121, 8448, 67.3, 0.71
122, 8449, 66.79, 0.72
123, 8450, 66.87, 0.74
124, 8451, 66.96, 0.76
125, 8452, 67.09, 0.76
126, 8453, 67.19, 0.78
127, 8454, 67.37, 0.8
128, 8455, 67.46, 0.91
129, 8456, 67.55, 0.82
130, 8457, 67.55, 0.83
131, 8458, 67.12, 0.75
132, 8459, 67.05, 0.72
133, 8460, 66.95, 0.73
134, 8461, 66.88, 0.72
135, 8462, 66.86, 0.72
136, 8463, 66.97, 0.71
137, 8464, 67.05, 0.72
138, 8465, 67.13, 0.73
139, 8466, 67.19, 0.87
140, 8467, 67.22, 0.76
141, 8468, 67.24, 0.75
142, 8469, 67.45, 0.78
143, 8470, 67.36, 0.75
144, 8471, 67.26, 0.77
145, 8472, 67.13, 0.75
146, 8473, 67.06, 0.75
147, 8474, 66.96, 0.75
148, 8475, 66.79, 0.74
149, 8476, 66.8, 0.7
150, 8477, 66.73, 0.73
151, 8478, 66.69, 0.73
152, 8479, 66.69, 0.7
153, 8480, 67.24, 0.76
154, 8481, 67.26, 0.73
155, 8482, 67.29, 0.74
156, 8483, 67.32, 0.71
157, 8484, 67.32, 0.73
158, 8485, 67.32, 0.77
159, 8486, 67.38, 0.78
160, 8487, 67.38, 0.78
161, 8488, 67.37, 0.76
162, 8489, 67.36, 0.76
163, 8490, 67.31, 0.74
164, 8491, 67.38, 0.79
165, 8492, 67.44, 0.78
166, 8493, 67.44, 0.8
167, 8494, 67.46, 0.82
168, 8495, 67.42, 0.84
169, 8496, 67.47, 0.82
1, 8497, 67.5, 0.8
2, 8498, 67.51, 0.8
3, 8499, 67.51, 0.78
4, 8500, 67.49, 0.83
5, 8501, 67.3, 0.76
6, 8502, 67.29, 0.76
7, 8503, 67.26, 0.79
8, 8504, 67.22, 0.76
9, 8505, 67.21, 0.73
10, 8506, 67.17, 0.74
11, 8507, 67.06, 0.73
12, 8508, 66.96, 0.8
13, 8509, 66.86, 0.72
14, 8510, 66.87, 0.74
15, 8511, 66.95, 0.72
16, 8512, 66.93, 0.74
17, 8513, 67.02, 0.74
18, 8514, 67.08, 0.75
19, 8515, 67.18, 0.74
20, 8516, 67.32, 0.75
21, 8517, 67.42, 0.74
22, 8518, 67.45, 0.76
23, 8519, 67.45, 0.75
24, 8520, 67.44, 0.75
25, 8521, 67.42, 0.93
26, 8522, 67.41, 1.4
27, 8523, 67.08, 0.74
28, 8524, 67.16, 0.73
29, 8525, 67.22, 0.75
30, 8526, 67.25, 0.89
31, 8527, 67.32, 0.8
32, 8528, 67.38, 0.78
33, 8529, 67.34, 0.76
34, 8530, 67.35, 0.81
35, 8531, 67.15, 0.75
36, 8532, 67.06, 0.73
37, 8533, 67, 0.73
38, 8534, 66.89, 0.73
39, 8535, 66.79, 0.77
40, 8536, 66.68, 0.75
41, 8537, 66.58, 0.69
42, 8538, 66.56, 0.73
43, 8539, 66.61, 0.73
44, 8540, 66.79, 0.74
45, 8541, 66.68, 0.74
46, 8542, 67.35, 0.77
47, 8543, 67.41, 0.8
48, 8544, 67.43, 0.83
49, 8545, 67.38, 0.8
50, 8546, 67.36, 0.78
51, 8547, 67.37, 0.75
52, 8548, 67.4, 0.75
53, 8549, 67.4, 0.76
54, 8550, 67.41, 0.76
55, 8551, 67.34, 0.77
56, 8552, 67.22, 0.72
57, 8553, 67.49, 0.84
58, 8554, 66.88, 0.71
59, 8555, 66.86, 0.72
60, 8556, 66.84, 0.71
61, 8557, 66.89, 0.73
62, 8558, 66.92, 0.73
63, 8559, 66.98, 0.73
64, 8560, 67.01, 0.74
65, 8561, 67.12, 0.76
66, 8562, 67.26, 0.75
67, 8563, 67.35, 0.79
68, 8564, 67.52, 0.99
69, 8565, 67.53, 0.88
70, 8566, 67.55, 0.81
71, 8567, 67.53, 0.79
72, 8568, 67.53, 0.82
73, 8569, 67.49, 0.82
74, 8570, 67.48, 0.93
75, 8571, 67.46, 0.9
76, 8572, 67.47, 0.85
77, 8573, 67.51, 0.82
78, 8574, 67.5, 0.79
79, 8575, 67.28, 0.73
80, 8576, 67.25, 0.72
81, 8577, 67.11, 0.72
82, 8578, 66.96, 0.74
83, 8579, 66.88, 0.76
84, 8580, 66.82, 0.74
85, 8581, 66.8, 0.75
86, 8582, 66.76, 0.74
87, 8583, 66.8, 0.71
88, 8584, 67.61, 0.84
89, 8585, 67.5, 0.88
90, 8586, 67.42, 0.85
91, 8587, 67.4, 0.79
92, 8588, 67.26, 0.73
93, 8589, 67.23, 0.74
94, 8590, 67.01, 0.76
95, 8591, 66.92, 0.75
96, 8592, 67.62, 0.84
97, 8593, 67.61, 0.82
98, 8594, 67.5, 0.81
99, 8595, 67.48, 0.8
100, 8596, 67.48, 0.84
101, 8597, 67.46, 0.86
102, 8598, 67.37, 0.79
103, 8599, 67.21, 0.73
104, 8600, 67.11, 0.77
105, 8601, 67.04, 0.73
106, 8602, 67.01, 0.72
107, 8603, 67.44, 0.91
108, 8604, 67.43, 0.85
109, 8605, 67.37, 0.81
110, 8606, 67.07, 0.72
111, 8607, 67.03, 0.72
112, 8608, 66.95, 0.72
113, 8609, 66.83, 0.7
114, 8610, 66.77, 0.69
115, 8611, 66.79, 0.72
116, 8612, 66.86, 0.69
117, 8613, 66.95, 0.72
118, 8614, 67.53, 0.82
119, 8615, 67.55, 0.84
120, 8616, 67.55, 0.79
121, 8617, 67.54, 0.87
122, 8618, 67.57, 0.88
123, 8619, 67.59, 0.87
124, 8620, 67.62, 0.85
125, 8621, 67.68, 0.82
126, 8622, 67.66, 0.83
127, 8623, 67.57, 0.79
128, 8624, 67.46, 0.77
129, 8625, 67.45, 0.82
130, 8626, 67.51, 0.95
131, 8627, 67.51, 0.96
132, 8628, 67.58, 0.87
133, 8629, 67.62, 0.91
134, 8630, 67.52, 0.92
135, 8631, 67.45, 0.88
136, 8632, 67.5, 0.87
137, 8633, 67.5, 0.81
138, 8634, 67.51, 0.82
139, 8635, 67.45, 0.81
140, 8636, 67.43, 0.86
141, 8637, 67.34, 0.78
142, 8638, 67.26, 0.76
143, 8639, 67.23, 0.75
144, 8640, 67.2, 0.76
145, 8641, 67.08, 0.75
146, 8642, 66.94, 0.76
147, 8643, 66.88, 0.75
148, 8644, 66.79, 0.74
149, 8645, 66.75, 0.72
150, 8646, 66.75, 0.71
151, 8647, 66.93, 0.77
152, 8648, 66.92, 0.73
153, 8649, 66.96, 0.79
154, 8650, 67.09, 0.76
155, 8651, 67.23, 0.75
156, 8652, 67.34, 0.74
157, 8653, 67.43, 0.76
158, 8654, 67.52, 0.89
159, 8655, 67.57, 1
160, 8656, 67.54, 0.99
161, 8657, 66.79, 0.73
162, 8658, 66.9, 0.76
163, 8659, 66.97, 0.74
164, 8660, 67.11, 0.75
165, 8661, 67.2, 0.74
166, 8662, 67.25, 0.75
167, 8663, 67.28, 0.77
168, 8664, 67.45, 0.79
169, 8665, 67.47, 0.8
1, 8666, 67.5, 0.79
2, 8667, 67.58, 0.85
3, 8668, 66.92, 0.74
4, 8669, 67.51, 0.87
5, 8670, 67.51, 0.82
6, 8671, 67.58, 0.8
7, 8672, 67.43, 0.76
8, 8673, 67.32, 0.76
9, 8674, 67.22, 0.77
10, 8675, 67.12, 0.76
11, 8676, 67.01, 0.74
12, 8677, 66.93, 0.74
13, 8678, 66.95, 0.74
14, 8679, 67.64, 0.85
15, 8680, 67.64, 0.88
16, 8681, 67.55, 0.86
17, 8682, 67.54, 0.86
18, 8683, 67.57, 0.97
19, 8684, 67.57, 1.1
20, 8685, 67.56, 1.1
21, 8686, 67.5, 1
22, 8687, 67.46, 0.88
23, 8688, 67.59, 1.1
24, 8689, 67.61, 0.89
25, 8690, 67.48, 0.88
26, 8691, 67.51, 0.91
27, 8692, 67.51, 0.99
28, 8693, 67.54, 1.1
29, 8694, 67.47, 0.94
30, 8695, 67.49, 0.95
31, 8696, 67.5, 1
32, 8697, 67.5, 1.1
33, 8698, 67.47, 1.1
34, 8699, 67.48, 0.9
35, 8700, 67.47, 0.86
36, 8701, 66.79, 0.77
37, 8702, 67.52, 0.84
38, 8703, 66.85, 0.77
39, 8704, 66.93, 0.76
40, 8705, 67.03, 0.76
41, 8706, 67.16, 0.78
42, 8707, 67.22, 0.81
43, 8708, 67.27, 0.75
44, 8709, 67.35, 0.78
45, 8710, 67.46, 0.83
46, 8711, 67.5, 0.84
47, 8712, 67.15, 0.84
48, 8713, 67.25, 0.78
49, 8714, 67.51, 0.82
50, 8715, 67.52, 0.84
51, 8716, 67.4, 0.82
52, 8717, 67.29, 0.77
53, 8718, 67.04, 0.76
54, 8719, 66.97, 0.77
55, 8720, 66.91, 0.75
56, 8721, 66.86, 0.77
57, 8722, 67.21, 0.74
58, 8723, 67.11, 0.72
59, 8724, 67.06, 0.73
60, 8725, 67.06, 0.78
61, 8726, 67, 0.76
62, 8727, 66.98, 0.72
63, 8728, 67.01, 0.73
64, 8729, 67.06, 0.73
65, 8730, 67.08, 0.78
66, 8731, 67.15, 0.76
67, 8732, 67.15, 0.74
68, 8733, 67.14, 0.74
69, 8734, 67.12, 0.72
70, 8735, 67.14, 0.71
71, 8736, 67.19, 0.71
72, 8737, 67.19, 0.7
73, 8738, 67.21, 0.84
74, 8739, 67.22, 0.73
75, 8740, 67.27, 0.74
76, 8741, 67.27, 0.73
77, 8742, 67.31, 0.77
78, 8743, 67.41, 0.78
79, 8744, 67.45, 0.81
80, 8745, 67.46, 0.79
81, 8746, 67.54, 0.86
82, 8747, 67.58, 0.83
83, 8748, 67.61, 0.82
84, 8749, 67.53, 0.86
85, 8750, 67.53, 0.92
86, 8751, 67.57, 1.1
87, 8752, 67.57, 1
88, 8753, 67.16, 0.72
89, 8754, 67.18, 0.82
90, 8755, 67.14, 0.72
91, 8756, 67.09, 0.71
92, 8757, 67.05, 0.7
93, 8758, 67.07, 0.72
94, 8759, 67.11, 0.71
95, 8760, 67.18, 0.73
96, 8761, 67.2, 0.72
97, 8762, 67.22, 0.74
98, 8763, 67.56, 0.8
99, 8764, 67.58, 0.81
100, 8765, 67.56, 0.82
101, 8766, 67.51, 1
102, 8767, 67.44, 0.93
103, 8768, 67.45, 0.76
104, 8769, 67.44, 0.77
105, 8770, 67.38, 0.78
106, 8771, 67.35, 0.77
107, 8772, 67.32, 0.77
108, 8773, 67.22, 0.75
109, 8774, 67.11, 0.71
110, 8775, 67.1, 0.69
111, 8776, 67.11, 0.72
112, 8777, 67.08, 0.68
113, 8778, 67.07, 0.71
114, 8779, 67.04, 0.71
115, 8780, 67.06, 0.72
116, 8781, 67.04, 0.67
117, 8782, 67.07, 0.7
118, 8783, 67.11, 0.69
119, 8784, 67.44, 0.78
120, 8785, 67.44, 0.76
121, 8786, 67.41, 0.74
122, 8787, 67.37, 0.75
123, 8788, 67.36, 0.77
124, 8789, 67.33, 0.74
125, 8790, 67.17, 0.74
126, 8791, 67.01, 0.78
127, 8792, 66.92, 0.75
128, 8793, 66.95, 0.79
129, 8794, 67.06, 0.77
130, 8795, 67.08, 0.7
131, 8796, 67.03, 0.7
132, 8797, 67.04, 0.69
133, 8798, 67.05, 0.7
134, 8799, 67.06, 0.68
135, 8800, 67.06, 0.71
136, 8801, 67.04, 0.69
137, 8802, 67.03, 0.69
138, 8803, 67.23, 0.78
139, 8804, 67.25, 0.86
140, 8805, 67.43, 0.78
141, 8806, 67.57, 0.78
