BOM list analogue board SOLID project  version 16 october 2016  this list   FOR QUOTATION ONLY  NOT FOR PRODUCTION !!! ,,,,,,,,,,
All capacitors have a voltage rating of minimal 10 V if not indicated otherwise.  ,,,,,,,,,,
for passive components supplier and order nr are given as suggestion. For active components the indicated supplier and component has to be placed. ,,,,,,,,,,
NC ,means this component has not to be placed for this batch. ,,,,,,,,,
Qty,Value,Package,Description,OC_FARNELL,PACKAGE,PARTNO,SUPPLIER,TOL,VOLT,Parts
2,0,R0402,"RESISTOR, European symbol",,,*,,,,"R6, R26"
1,0.1A F,R1206FUSE,,1637549,,3403.0156,SCHURTER,,,F1
1,1.5A,R1206FUSE,,1637549,,3403.0156,SCHURTER,,,F2
2,100E,M1206,"RESISTOR, European symbol",,,,,,,"R8, R39"
64,100K,R0603,"RESISTOR, European symbol",,,,,,,"D0:R37, D0:R47, D1:R37, D1:R47, D2:R37, D2:R47, D3:R37, D3:R47, D4:R37, D4:R47, D5:R37, D5:R47, D6:R37, D6:R47, D7:R37, D7:R47, D8:R37, D8:R47, D9:R37, D9:R47, D10:R37, D10:R47, D11:R37, D11:R47, D12:R37, D12:R47, D13:R37, D13:R47, D14:R37, D14:R47, D15:R37, D15:R47, D16:R37, D16:R47, D17:R37, D17:R47, D18:R37, D18:R47, D19:R37, D19:R47, D20:R37, D20:R47, D21:R37, D21:R47, D22:R37, D22:R47, D23:R37, D23:R47, D24:R37, D24:R47, D25:R37, D25:R47, D26:R37, D26:R47, D27:R37, D27:R47, D28:R37, D28:R47, D29:R37, D29:R47, D30:R37, D30:R47, D31:R37, D31:R47"
85,100n,C0402,"CAPACITOR, European symbol",,,,,,,"C1, C2, C3, C6, C7, C8, C9, C10, C11, C12, C13, C14, C15, C19, C20, C22, C23, C24, C25, C26, C28, D0:C1, D0:C3, D1:C1, D1:C3, D2:C1, D2:C3, D3:C1, D3:C3, D4:C1, D4:C3, D5:C1, D5:C3, D6:C1, D6:C3, D7:C1, D7:C3, D8:C1, D8:C3, D9:C1, D9:C3, D10:C1, D10:C3, D11:C1, D11:C3, D12:C1, D12:C3, D13:C1, D13:C3, D14:C1, D14:C3, D15:C1, D15:C3, D16:C1, D16:C3, D17:C1, D17:C3, D18:C1, D18:C3, D19:C1, D19:C3, D20:C1, D20:C3, D21:C1, D21:C3, D22:C1, D22:C3, D23:C1, D23:C3, D24:C1, D24:C3, D25:C1, D25:C3, D26:C1, D26:C3, D27:C1, D27:C3, D28:C1, D28:C3, D29:C1, D29:C3, D30:C1, D30:C3, D31:C1, D31:C3"
65,100n,C0603,"CAPACITOR, European symbol",,,,TDK,,100V,"C37, D0:C36, D0:C46, D1:C36, D1:C46, D2:C36, D2:C46, D3:C36, D3:C46, D4:C36, D4:C46, D5:C36, D5:C46, D6:C36, D6:C46, D7:C36, D7:C46, D8:C36, D8:C46, D9:C36, D9:C46, D10:C36, D10:C46, D11:C36, D11:C46, D12:C36, D12:C46, D13:C36, D13:C46, D14:C36, D14:C46, D15:C36, D15:C46, D16:C36, D16:C46, D17:C36, D17:C46, D18:C36, D18:C46, D19:C36, D19:C46, D20:C36, D20:C46, D21:C36, D21:C46, D22:C36, D22:C46, D23:C36, D23:C46, D24:C36, D24:C46, D25:C36, D25:C46, D26:C36, D26:C46, D27:C36, D27:C46, D28:C36, D28:C46, D29:C36, D29:C46, D30:C36, D30:C46, D31:C36, D31:C46"
72,10E,R0402,"RESISTOR, European symbol",,,,,,,"D0:R39, D0:R49, D1:R39, D1:R49, D2:R39, D2:R49, D3:R39, D3:R49, D4:R39, D4:R49, D5:R39, D5:R49, D6:R39, D6:R49, D7:R39, D7:R49, D8:R39, D8:R49, D9:R39, D9:R49, D10:R39, D10:R49, D11:R39, D11:R49, D12:R39, D12:R49, D13:R39, D13:R49, D14:R39, D14:R49, D15:R39, D15:R49, D16:R39, D16:R49, D17:R39, D17:R49, D18:R39, D18:R49, D19:R39, D19:R49, D20:R39, D20:R49, D21:R39, D21:R49, D22:R39, D22:R49, D23:R39, D23:R49, D24:R39, D24:R49, D25:R39, D25:R49, D26:R39, D26:R49, D27:R39, D27:R49, D28:R39, D28:R49, D29:R39, D29:R49, D30:R39, D30:R49, D31:R39, D31:R49, R4, R10, R21, R24, R28, R35, R40, R43"
105,10K,R0402,"RESISTOR, European symbol",,,,,,,"D0:R36, D0:R46, D0:R48, D1:R36, D1:R46, D1:R48, D2:R36, D2:R46, D2:R48, D3:R36, D3:R46, D3:R48, D4:R36, D4:R46, D4:R48, D5:R36, D5:R46, D5:R48, D6:R36, D6:R46, D6:R48, D7:R36, D7:R46, D7:R48, D8:R36, D8:R46, D8:R48, D9:R36, D9:R46, D9:R48, D10:R36, D10:R46, D10:R48, D11:R36, D11:R46, D11:R48, D12:R36, D12:R46, D12:R48, D13:R36, D13:R46, D13:R48, D14:R36, D14:R46, D14:R48, D15:R36, D15:R46, D15:R48, D16:R36, D16:R46, D16:R48, D17:R36, D17:R46, D17:R48, D18:R36, D18:R46, D18:R48, D19:R36, D19:R46, D19:R48, D20:R36, D20:R46, D20:R48, D21:R36, D21:R46, D21:R48, D22:R36, D22:R46, D22:R48, D23:R36, D23:R46, D23:R48, D24:R36, D24:R46, D24:R48, D25:R36, D25:R46, D25:R48, D26:R36, D26:R46, D26:R48, D27:R36, D27:R46, D27:R48, D28:R36, D28:R46, D28:R48, D29:R36, D29:R46, D29:R48, D30:R36, D30:R46, D30:R48, D31:R36, D31:R46, D31:R48, R1, R3, R16, R31, R38, R54, R57, R58, R59"
162,10n,C0402,"CAPACITOR, European symbol",,,,,,,"C5, C27, D0:C2, D0:C4, D0:C7, D0:C35, D0:C45, D1:C2, D1:C4, D1:C7, D1:C35, D1:C45, D2:C2, D2:C4, D2:C7, D2:C35, D2:C45, D3:C2, D3:C4, D3:C7, D3:C35, D3:C45, D4:C2, D4:C4, D4:C7, D4:C35, D4:C45, D5:C2, D5:C4, D5:C7, D5:C35, D5:C45, D6:C2, D6:C4, D6:C7, D6:C35, D6:C45, D7:C2, D7:C4, D7:C7, D7:C35, D7:C45, D8:C2, D8:C4, D8:C7, D8:C35, D8:C45, D9:C2, D9:C4, D9:C7, D9:C35, D9:C45, D10:C2, D10:C4, D10:C7, D10:C35, D10:C45, D11:C2, D11:C4, D11:C7, D11:C35, D11:C45, D12:C2, D12:C4, D12:C7, D12:C35, D12:C45, D13:C2, D13:C4, D13:C7, D13:C35, D13:C45, D14:C2, D14:C4, D14:C7, D14:C35, D14:C45, D15:C2, D15:C4, D15:C7, D15:C35, D15:C45, D16:C2, D16:C4, D16:C7, D16:C35, D16:C45, D17:C2, D17:C4, D17:C7, D17:C35, D17:C45, D18:C2, D18:C4, D18:C7, D18:C35, D18:C45, D19:C2, D19:C4, D19:C7, D19:C35, D19:C45, D20:C2, D20:C4, D20:C7, D20:C35, D20:C45, D21:C2, D21:C4, D21:C7, D21:C35, D21:C45, D22:C2, D22:C4, D22:C7, D22:C35, D22:C45, D23:C2, D23:C4, D23:C7, D23:C35, D23:C45, D24:C2, D24:C4, D24:C7, D24:C35, D24:C45, D25:C2, D25:C4, D25:C7, D25:C35, D25:C45, D26:C2, D26:C4, D26:C7, D26:C35, D26:C45, D27:C2, D27:C4, D27:C7, D27:C35, D27:C45, D28:C2, D28:C4, D28:C7, D28:C35, D28:C45, D29:C2, D29:C4, D29:C7, D29:C35, D29:C45, D30:C2, D30:C4, D30:C7, D30:C35, D30:C45, D31:C2, D31:C4, D31:C7, D31:C35, D31:C45"
4,10u,SMC_A,"POLARIZED CAPACITOR, European symbol",,,,,,,"C4, C17, C18, C21"
1,12K,R0402,"RESISTOR, European symbol",,,,,,,R52
64,152p,C0402,"CAPACITOR, European symbol",,,,,1.00%,,"D0:C32, D0:C42, D1:C32, D1:C42, D2:C32, D2:C42, D3:C32, D3:C42, D4:C32, D4:C42, D5:C32, D5:C42, D6:C32, D6:C42, D7:C32, D7:C42, D8:C32, D8:C42, D9:C32, D9:C42, D10:C32, D10:C42, D11:C32, D11:C42, D12:C32, D12:C42, D13:C32, D13:C42, D14:C32, D14:C42, D15:C32, D15:C42, D16:C32, D16:C42, D17:C32, D17:C42, D18:C32, D18:C42, D19:C32, D19:C42, D20:C32, D20:C42, D21:C32, D21:C42, D22:C32, D22:C42, D23:C32, D23:C42, D24:C32, D24:C42, D25:C32, D25:C42, D26:C32, D26:C42, D27:C32, D27:C42, D28:C32, D28:C42, D29:C32, D29:C42, D30:C32, D30:C42, D31:C32, D31:C42"
64,15p,C0402,"CAPACITOR, European symbol",,,,,1.00%,,"D0:C33, D0:C43, D1:C33, D1:C43, D2:C33, D2:C43, D3:C33, D3:C43, D4:C33, D4:C43, D5:C33, D5:C43, D6:C33, D6:C43, D7:C33, D7:C43, D8:C33, D8:C43, D9:C33, D9:C43, D10:C33, D10:C43, D11:C33, D11:C43, D12:C33, D12:C43, D13:C33, D13:C43, D14:C33, D14:C43, D15:C33, D15:C43, D16:C33, D16:C43, D17:C33, D17:C43, D18:C33, D18:C43, D19:C33, D19:C43, D20:C33, D20:C43, D21:C33, D21:C43, D22:C33, D22:C43, D23:C33, D23:C43, D24:C33, D24:C43, D25:C33, D25:C43, D26:C33, D26:C43, D27:C33, D27:C43, D28:C33, D28:C43, D29:C33, D29:C43, D30:C33, D30:C43, D31:C33, D31:C43"
1,18K,R0402,"RESISTOR, European symbol",,,,,,,R53
1,1A,R1206FUSE,,1637549,,3403.0156,SCHURTER,,,F3
33,1K,R0402,"RESISTOR, European symbol",,,,,,,"D0:R1, D1:R1, D2:R1, D3:R1, D4:R1, D5:R1, D6:R1, D7:R1, D8:R1, D9:R1, D10:R1, D11:R1, D12:R1, D13:R1, D14:R1, D15:R1, D16:R1, D17:R1, D18:R1, D19:R1, D20:R1, D21:R1, D22:R1, D23:R1, D24:R1, D25:R1, D26:R1, D27:R1, D28:R1, D29:R1, D30:R1, D31:R1, R18"
1,1K,R0805H,,,,*,,,,R17
64,200E,R0402,"RESISTOR, European symbol",,,,,,,"D0:R34, D0:R44, D1:R34, D1:R44, D2:R34, D2:R44, D3:R34, D3:R44, D4:R34, D4:R44, D5:R34, D5:R44, D6:R34, D6:R44, D7:R34, D7:R44, D8:R34, D8:R44, D9:R34, D9:R44, D10:R34, D10:R44, D11:R34, D11:R44, D12:R34, D12:R44, D13:R34, D13:R44, D14:R34, D14:R44, D15:R34, D15:R44, D16:R34, D16:R44, D17:R34, D17:R44, D18:R34, D18:R44, D19:R34, D19:R44, D20:R34, D20:R44, D21:R34, D21:R44, D22:R34, D22:R44, D23:R34, D23:R44, D24:R34, D24:R44, D25:R34, D25:R44, D26:R34, D26:R44, D27:R34, D27:R44, D28:R34, D28:R44, D29:R34, D29:R44, D30:R34, D30:R44, D31:R34, D31:R44"
1,22-23-2021,22-23-2021,".100"" (2.54mm) Center Header - 2 Pin",1462926,,22-23-2021,MOLEX,,,X6
1,22-23-2031,22-23-2031,".100"" (2.54mm) Center Header – 3 Pin",1462950,,22-23-2031,MOLEX,,,X8
NC ,22-23-2041,22-23-2041,".100"" (2.54mm) Center Header – 4 Pin",1462920,,22-23-2041,MOLEX,,,"X5, X7"
128,24.3E,R0603,"RESISTOR, European symbol",,,,,0.1,,"D0:R31, D0:R32, D0:R41, D0:R42, D1:R31, D1:R32, D1:R41, D1:R42, D2:R31, D2:R32, D2:R41, D2:R42, D3:R31, D3:R32, D3:R41, D3:R42, D4:R31, D4:R32, D4:R41, D4:R42, D5:R31, D5:R32, D5:R41, D5:R42, D6:R31, D6:R32, D6:R41, D6:R42, D7:R31, D7:R32, D7:R41, D7:R42, D8:R31, D8:R32, D8:R41, D8:R42, D9:R31, D9:R32, D9:R41, D9:R42, D10:R31, D10:R32, D10:R41, D10:R42, D11:R31, D11:R32, D11:R41, D11:R42, D12:R31, D12:R32, D12:R41, D12:R42, D13:R31, D13:R32, D13:R41, D13:R42, D14:R31, D14:R32, D14:R41, D14:R42, D15:R31, D15:R32, D15:R41, D15:R42, D16:R31, D16:R32, D16:R41, D16:R42, D17:R31, D17:R32, D17:R41, D17:R42, D18:R31, D18:R32, D18:R41, D18:R42, D19:R31, D19:R32, D19:R41, D19:R42, D20:R31, D20:R32, D20:R41, D20:R42, D21:R31, D21:R32, D21:R41, D21:R42, D22:R31, D22:R32, D22:R41, D22:R42, D23:R31, D23:R32, D23:R41, D23:R42, D24:R31, D24:R32, D24:R41, D24:R42, D25:R31, D25:R32, D25:R41, D25:R42, D26:R31, D26:R32, D26:R41, D26:R42, D27:R31, D27:R32, D27:R41, D27:R42, D28:R31, D28:R32, D28:R41, D28:R42, D29:R31, D29:R32, D29:R41, D29:R42, D30:R31, D30:R32, D30:R41, D30:R42, D31:R31, D31:R32, D31:R41, D31:R42"
3,27K,R0402,"RESISTOR, European symbol",,,,,,,"R2, R15, R30"
1,2K4,R0402,"RESISTOR, European symbol",,,,,,,R19
8,3K3,R0402,"RESISTOR, European symbol",,,,,,,"R14, R20, R34, R37, R47, R48, R49, R51"
64,4.7n,C0603,"CAPACITOR, European symbol",,,,,,100V,"D0:C31, D0:C41, D1:C31, D1:C41, D2:C31, D2:C41, D3:C31, D3:C41, D4:C31, D4:C41, D5:C31, D5:C41, D6:C31, D6:C41, D7:C31, D7:C41, D8:C31, D8:C41, D9:C31, D9:C41, D10:C31, D10:C41, D11:C31, D11:C41, D12:C31, D12:C41, D13:C31, D13:C41, D14:C31, D14:C41, D15:C31, D15:C41, D16:C31, D16:C41, D17:C31, D17:C41, D18:C31, D18:C41, D19:C31, D19:C41, D20:C31, D20:C41, D21:C31, D21:C41, D22:C31, D22:C41, D23:C31, D23:C41, D24:C31, D24:C41, D25:C31, D25:C41, D26:C31, D26:C41, D27:C31, D27:C41, D28:C31, D28:C41, D29:C31, D29:C41, D30:C31, D30:C41, D31:C31, D31:C41"
32,470E,R0402,"RESISTOR, European symbol",,,,,,,"D0:R50, D1:R50, D2:R50, D3:R50, D4:R50, D5:R50, D6:R50, D7:R50, D8:R50, D9:R50, D10:R50, D11:R50, D12:R50, D13:R50, D14:R50, D15:R50, D16:R50, D17:R50, D18:R50, D19:R50, D20:R50, D21:R50, D22:R50, D23:R50, D24:R50, D25:R50, D26:R50, D27:R50, D28:R50, D29:R50, D30:R50, D31:R50"
64,4K3,R0603,"RESISTOR, European symbol",,,,,0.1,,"D0:R33, D0:R43, D1:R33, D1:R43, D2:R33, D2:R43, D3:R33, D3:R43, D4:R33, D4:R43, D5:R33, D5:R43, D6:R33, D6:R43, D7:R33, D7:R43, D8:R33, D8:R43, D9:R33, D9:R43, D10:R33, D10:R43, D11:R33, D11:R43, D12:R33, D12:R43, D13:R33, D13:R43, D14:R33, D14:R43, D15:R33, D15:R43, D16:R33, D16:R43, D17:R33, D17:R43, D18:R33, D18:R43, D19:R33, D19:R43, D20:R33, D20:R43, D21:R33, D21:R43, D22:R33, D22:R43, D23:R33, D23:R43, D24:R33, D24:R43, D25:R33, D25:R43, D26:R33, D26:R43, D27:R33, D27:R43, D28:R33, D28:R43, D29:R33, D29:R43, D30:R33, D30:R43, D31:R33, D31:R43"
13,4K7,R0402,"RESISTOR, European symbol",,,,,,,"R5, R7, R11, R12, R13, R22, R25, R29, R32, R36, R41, R44, R46"
32,820E,R0402,"RESISTOR, European symbol",,,,,,,"D0:R35, D1:R35, D2:R35, D3:R35, D4:R35, D5:R35, D6:R35, D7:R35, D8:R35, D9:R35, D10:R35, D11:R35, D12:R35, D13:R35, D14:R35, D15:R35, D16:R35, D17:R35, D18:R35, D19:R35, D20:R35, D21:R35, D22:R35, D23:R35, D24:R35, D25:R35, D26:R35, D27:R35, D28:R35, D29:R35, D30:R35, D31:R35"
32,910E,R0402,"RESISTOR, European symbol",,,,,,,"D0:R45, D1:R45, D2:R45, D3:R45, D4:R45, D5:R45, D6:R45, D7:R45, D8:R45, D9:R45, D10:R45, D11:R45, D12:R45, D13:R45, D14:R45, D15:R45, D16:R45, D17:R45, D18:R45, D19:R45, D20:R45, D21:R45, D22:R45, D23:R45, D24:R45, D25:R45, D26:R45, D27:R45, D28:R45, D29:R45, D30:R45, D31:R45"
32,AD8132ARZMSOP,SOP65P490X110-8N,"Low Cost, High Speed Differential Amplifier",,,,,,,"D0:U1, D1:U1, D2:U1, D3:U1, D4:U1, D5:U1, D6:U1, D7:U1, D8:U1, D9:U1, D10:U1, D11:U1, D12:U1, D13:U1, D14:U1, D15:U1, D16:U1, D17:U1, D18:U1, D19:U1, D20:U1, D21:U1, D22:U1, D23:U1, D24:U1, D25:U1, D26:U1, D27:U1, D28:U1, D29:U1, D30:U1, D31:U1"
1,ADL5317,LFCSP_LQ-16_MANSOL,APD voltage regulator,2462433,,ADL5317ACPZ,,,,U3
1,AT30TSE752-XM8-B,SOP65P490X110-8N,"SENSOR, TEMP, 9-12BIT, 2KB EEPROM, MSOP-8",2115206,MSOP-8,AT30TSE752-XM8-B,ATMEL,,,U20
2,DIN41612_ABC_96_R,DIN41612_96RC,,,,,,,,"X3, X4"
1,HSMG-C170,CHIP-LED0805,LED,,,,,,,LED1
2,LP38692MP-ADJ,SOT150P696X180-5N,Linear  Regulator,1008058,SOT-223-5,LP38692MP-ADJ,NationalSemiconductor,,,"U21, U22"
1,LT3015EMSEM,SOP65P490X110H-13N,Linear Regulator,,,,,,,U14
2,MAB64,MAB64,CONNECTOR,,,,,,,"X1, X2"
1,MCP4725A0T-E/CH,SOT95P270X145-6N,12-Bit Digital-to-Analog Converter with EEPROM,1578449,SOT-23-6,MCP4725A0T-E/CH,Microchip,,,U4
8,MCP4728-E/UN,SOP50P490X110-10N,"IC, DAC, 12BIT, QUAD",1800217,MSOP-10,MCP4728-E/UN,MICROCHIP,,,"U1, U2, U6, U7, U9, U10, U11, U12"
2,MCP6001T-I/LT,SOT65P240X110-5N,IC OPAMP 1.8V 1MHZ SINGLE,8540837,SC70-5,MCP6001T-I/LT,Microchip,,,"U17, U19"
3,NC,R0402,"RESISTOR, European symbol",,,*,,,,"R23, R27, R50"
33,NC,R0402,"RESISTOR, European symbol",,,,,,,"D0:R38, D1:R38, D2:R38, D3:R38, D4:R38, D5:R38, D6:R38, D7:R38, D8:R38, D9:R38, D10:R38, D11:R38, D12:R38, D13:R38, D14:R38, D15:R38, D16:R38, D17:R38, D18:R38, D19:R38, D20:R38, D21:R38, D22:R38, D23:R38, D24:R38, D25:R38, D26:R38, D27:R38, D28:R38, D29:R38, D30:R38, D31:R38, R33"
1,NC,R0805H,,,,*,,,,R9
2,TCA9406DCUR,SOP50P310X90-8N,"2-BIT BIDIRECTIONAL 1MHz, I2C BUS AND SMBUS VOLTAGE-LEVEL TRANSLATOR WITH 8kV HBM ESD,US8-8",1972385,US8-8,,TEXAS INSTRUMENTS,,,"U5, U13"
30,nc,UA_P1-13,Test pad,,,*,,,,"GPIO2, HVIN, LD1, LDAC2, LDAC3, LDAC4, LDAC5, LDAC6, LDAC7, LDAC8, T2, T4, T5D, T5V, T6, T7, T13, T14, T15, T16, TG1, TG2, TG3, TG4, TG5, TM5, TVN3, V5E1, V5E2, VB"
64,nc,C0402,"CAPACITOR, European symbol",,,,,,,"D0:C34, D0:C44, D1:C34, D1:C44, D2:C34, D2:C44, D3:C34, D3:C44, D4:C34, D4:C44, D5:C34, D5:C44, D6:C34, D6:C44, D7:C34, D7:C44, D8:C34, D8:C44, D9:C34, D9:C44, D10:C34, D10:C44, D11:C34, D11:C44, D12:C34, D12:C44, D13:C34, D13:C44, D14:C34, D14:C44, D15:C34, D15:C44, D16:C34, D16:C44, D17:C34, D17:C44, D18:C34, D18:C44, D19:C34, D19:C44, D20:C34, D20:C44, D21:C34, D21:C44, D22:C34, D22:C44, D23:C34, D23:C44, D24:C34, D24:C44, D25:C34, D25:C44, D26:C34, D26:C44, D27:C34, D27:C44, D28:C34, D28:C44, D29:C34, D29:C44, D30:C34, D30:C44, D31:C34, D31:C44"
1,nc,SMC_A,"POLARIZED CAPACITOR, European symbol",,,,,,,C16
64,nc,R0402,"RESISTOR, European symbol",,,,,,,"D0:R51, D0:R61, D1:R51, D1:R61, D2:R51, D2:R61, D3:R51, D3:R61, D4:R51, D4:R61, D5:R51, D5:R61, D6:R51, D6:R61, D7:R51, D7:R61, D8:R51, D8:R61, D9:R51, D9:R61, D10:R51, D10:R61, D11:R51, D11:R61, D12:R51, D12:R61, D13:R51, D13:R61, D14:R51, D14:R61, D15:R51, D15:R61, D16:R51, D16:R61, D17:R51, D17:R61, D18:R51, D18:R61, D19:R51, D19:R61, D20:R51, D20:R61, D21:R51, D21:R61, D22:R51, D22:R61, D23:R51, D23:R61, D24:R51, D24:R61, D25:R51, D25:R61, D26:R51, D26:R61, D27:R51, D27:R61, D28:R51, D28:R61, D29:R51, D29:R61, D30:R51, D30:R61, D31:R51, D31:R61"
